2026-06-01 20:23:53,083 - uvicorn.error - INFO - Will watch for changes in these directories: ['d:\\PROJECT\\RE Colab\\Curious-Bee-AI-Module\\SINU\\semantic search\\app']
2026-06-01 20:23:53,083 - uvicorn.error - ERROR - Error loading ASGI app. Could not import module "app".
2026-06-01 20:24:09,734 - uvicorn.error - INFO - Will watch for changes in these directories: ['d:\\PROJECT\\RE Colab\\Curious-Bee-AI-Module\\SINU\\semantic search\\app']
2026-06-01 20:24:09,740 - uvicorn.error - INFO - Uvicorn running on http://0.0.0.0:8000 (Press CTRL+C to quit)
2026-06-01 20:24:09,740 - uvicorn.error - INFO - Started reloader process [44284] using StatReload
2026-06-01 20:24:30,937 - uvicorn.error - WARNING - StatReload detected changes in 'main.py'. Reloading...
2026-06-01 20:24:34,984 - uvicorn.error - WARNING - StatReload detected changes in 'main.py'. Reloading...
2026-06-01 20:24:40,882 - uvicorn.error - WARNING - StatReload detected changes in 'main.py'. Reloading...
2026-06-01 20:24:44,027 - uvicorn.error - WARNING - StatReload detected changes in 'main.py'. Reloading...
2026-06-01 20:24:51,725 - uvicorn.error - WARNING - StatReload detected changes in 'main.py'. Reloading...
2026-06-01 20:24:57,806 - uvicorn.error - WARNING - StatReload detected changes in 'main.py'. Reloading...
2026-06-01 20:25:27,178 - uvicorn.error - WARNING - StatReload detected changes in 'main.py'. Reloading...
2026-06-01 20:25:36,551 - uvicorn.error - WARNING - StatReload detected changes in 'main.py'. Reloading...
2026-06-01 20:25:38,339 - uvicorn.error - WARNING - StatReload detected changes in 'main.py'. Reloading...
2026-06-01 20:25:43,070 - uvicorn.error - WARNING - StatReload detected changes in 'main.py'. Reloading...
2026-06-01 20:25:46,759 - uvicorn.error - WARNING - StatReload detected changes in 'main.py'. Reloading...
2026-06-01 20:27:58,112 - uvicorn.error - INFO - Stopping reloader process [44284]
2026-06-01 20:28:00,227 - uvicorn.error - INFO - Will watch for changes in these directories: ['D:\\PROJECT\\RE Colab\\Curious-Bee-AI-Module']
2026-06-01 20:28:00,232 - uvicorn.error - INFO - Uvicorn running on http://0.0.0.0:8000 (Press CTRL+C to quit)
2026-06-01 20:28:00,232 - uvicorn.error - INFO - Started reloader process [16596] using StatReload
2026-06-01 20:28:00,894 - uvicorn.error - INFO - Started server process [56952]
2026-06-01 20:28:00,895 - uvicorn.error - INFO - Waiting for application startup.
2026-06-01 20:28:00,895 - main - INFO - FastAPI server is ready!
2026-06-01 20:28:00,895 - main - INFO - Swagger UI  ->  http://localhost:8000/docs
2026-06-01 20:28:00,895 - main - INFO - Home Page   ->  http://localhost:8000
2026-06-01 20:28:00,895 - uvicorn.error - INFO - Application startup complete.
2026-06-01 20:28:12,351 - uvicorn.access - INFO - 127.0.0.1:62225 - "GET / HTTP/1.1" 200
2026-06-01 20:30:22,543 - uvicorn.error - WARNING - StatReload detected changes in 'SINU\semantic search\app\routes\api.py'. Reloading...
2026-06-01 20:30:22,601 - uvicorn.error - INFO - Shutting down
2026-06-01 20:30:22,710 - uvicorn.error - INFO - Waiting for application shutdown.
2026-06-01 20:30:22,711 - main - INFO - Shutting down server...
2026-06-01 20:30:22,711 - uvicorn.error - INFO - Application shutdown complete.
2026-06-01 20:30:22,711 - uvicorn.error - INFO - Finished server process [56952]
2026-06-01 20:30:23,846 - uvicorn.error - INFO - Started server process [59180]
2026-06-01 20:30:23,847 - uvicorn.error - INFO - Waiting for application startup.
2026-06-01 20:30:23,847 - main - INFO - FastAPI server is ready!
2026-06-01 20:30:23,847 - main - INFO - Swagger UI  ->  http://localhost:8000/docs
2026-06-01 20:30:23,847 - main - INFO - Home Page   ->  http://localhost:8000
2026-06-01 20:30:23,848 - uvicorn.error - INFO - Application startup complete.
2026-06-01 20:30:26,734 - uvicorn.error - WARNING - StatReload detected changes in 'SINU\semantic search\app\routes\api.py'. Reloading...
2026-06-01 20:30:26,790 - uvicorn.error - INFO - Shutting down
2026-06-01 20:30:26,898 - uvicorn.error - INFO - Waiting for application shutdown.
2026-06-01 20:30:26,899 - main - INFO - Shutting down server...
2026-06-01 20:30:26,899 - uvicorn.error - INFO - Application shutdown complete.
2026-06-01 20:30:26,900 - uvicorn.error - INFO - Finished server process [59180]
2026-06-01 20:30:28,371 - uvicorn.error - INFO - Started server process [17808]
2026-06-01 20:30:28,379 - uvicorn.error - INFO - Waiting for application startup.
2026-06-01 20:30:28,380 - main - INFO - FastAPI server is ready!
2026-06-01 20:30:28,380 - main - INFO - Swagger UI  ->  http://localhost:8000/docs
2026-06-01 20:30:28,388 - main - INFO - Home Page   ->  http://localhost:8000
2026-06-01 20:30:28,391 - uvicorn.error - INFO - Application startup complete.
2026-06-01 20:30:45,919 - uvicorn.error - WARNING - StatReload detected changes in 'SINU\semantic search\app\routes\api.py'. Reloading...
2026-06-01 20:30:45,987 - uvicorn.error - INFO - Shutting down
2026-06-01 20:30:46,097 - uvicorn.error - INFO - Waiting for application shutdown.
2026-06-01 20:30:46,097 - main - INFO - Shutting down server...
2026-06-01 20:30:46,097 - uvicorn.error - INFO - Application shutdown complete.
2026-06-01 20:30:46,098 - uvicorn.error - INFO - Finished server process [17808]
2026-06-01 20:30:47,968 - uvicorn.error - INFO - Started server process [57400]
2026-06-01 20:30:47,968 - uvicorn.error - INFO - Waiting for application startup.
2026-06-01 20:30:47,969 - main - INFO - FastAPI server is ready!
2026-06-01 20:30:47,969 - main - INFO - Swagger UI  ->  http://localhost:8000/docs
2026-06-01 20:30:47,969 - main - INFO - Home Page   ->  http://localhost:8000
2026-06-01 20:30:47,969 - uvicorn.error - INFO - Application startup complete.
2026-06-01 20:30:57,557 - uvicorn.error - WARNING - StatReload detected changes in 'SINU\semantic search\app\routes\api.py'. Reloading...
2026-06-01 20:30:57,644 - uvicorn.error - INFO - Shutting down
2026-06-01 20:30:57,753 - uvicorn.error - INFO - Waiting for application shutdown.
2026-06-01 20:30:57,753 - main - INFO - Shutting down server...
2026-06-01 20:30:57,753 - uvicorn.error - INFO - Application shutdown complete.
2026-06-01 20:30:57,754 - uvicorn.error - INFO - Finished server process [57400]
2026-06-01 20:30:58,943 - uvicorn.error - INFO - Started server process [54516]
2026-06-01 20:30:58,966 - uvicorn.error - INFO - Waiting for application startup.
2026-06-01 20:30:58,977 - main - INFO - FastAPI server is ready!
2026-06-01 20:30:58,979 - main - INFO - Swagger UI  ->  http://localhost:8000/docs
2026-06-01 20:30:59,000 - main - INFO - Home Page   ->  http://localhost:8000
2026-06-01 20:30:59,012 - uvicorn.error - INFO - Application startup complete.
2026-06-01 20:31:01,612 - uvicorn.error - WARNING - StatReload detected changes in 'SINU\semantic search\app\routes\api.py'. Reloading...
2026-06-01 20:31:01,682 - uvicorn.error - INFO - Shutting down
2026-06-01 20:31:01,794 - uvicorn.error - INFO - Waiting for application shutdown.
2026-06-01 20:31:01,796 - main - INFO - Shutting down server...
2026-06-01 20:31:01,797 - uvicorn.error - INFO - Application shutdown complete.
2026-06-01 20:31:01,797 - uvicorn.error - INFO - Finished server process [54516]
2026-06-01 20:31:02,809 - uvicorn.error - INFO - Started server process [37528]
2026-06-01 20:31:02,810 - uvicorn.error - INFO - Waiting for application startup.
2026-06-01 20:31:02,810 - main - INFO - FastAPI server is ready!
2026-06-01 20:31:02,810 - main - INFO - Swagger UI  ->  http://localhost:8000/docs
2026-06-01 20:31:02,810 - main - INFO - Home Page   ->  http://localhost:8000
2026-06-01 20:31:02,811 - uvicorn.error - INFO - Application startup complete.
2026-06-01 20:31:10,588 - uvicorn.error - WARNING - StatReload detected changes in 'SINU\semantic search\app\routes\api.py'. Reloading...
2026-06-01 20:31:10,603 - uvicorn.error - INFO - Shutting down
2026-06-01 20:31:10,710 - uvicorn.error - INFO - Waiting for application shutdown.
2026-06-01 20:31:10,711 - main - INFO - Shutting down server...
2026-06-01 20:31:10,711 - uvicorn.error - INFO - Application shutdown complete.
2026-06-01 20:31:10,711 - uvicorn.error - INFO - Finished server process [37528]
2026-06-01 20:31:11,793 - uvicorn.error - INFO - Started server process [54804]
2026-06-01 20:31:11,794 - uvicorn.error - INFO - Waiting for application startup.
2026-06-01 20:31:11,796 - main - INFO - FastAPI server is ready!
2026-06-01 20:31:11,796 - main - INFO - Swagger UI  ->  http://localhost:8000/docs
2026-06-01 20:31:11,797 - main - INFO - Home Page   ->  http://localhost:8000
2026-06-01 20:31:11,797 - uvicorn.error - INFO - Application startup complete.
2026-06-01 20:31:28,292 - uvicorn.error - WARNING - StatReload detected changes in 'SINU\semantic search\app\routes\api.py'. Reloading...
2026-06-01 20:31:28,342 - uvicorn.error - INFO - Shutting down
2026-06-01 20:31:28,484 - uvicorn.error - INFO - Waiting for application shutdown.
2026-06-01 20:31:28,490 - main - INFO - Shutting down server...
2026-06-01 20:31:28,490 - uvicorn.error - INFO - Application shutdown complete.
2026-06-01 20:31:28,490 - uvicorn.error - INFO - Finished server process [54804]
2026-06-01 20:31:29,420 - uvicorn.error - INFO - Started server process [1540]
2026-06-01 20:31:29,420 - uvicorn.error - INFO - Waiting for application startup.
2026-06-01 20:31:29,421 - main - INFO - FastAPI server is ready!
2026-06-01 20:31:29,421 - main - INFO - Swagger UI  ->  http://localhost:8000/docs
2026-06-01 20:31:29,421 - main - INFO - Home Page   ->  http://localhost:8000
2026-06-01 20:31:29,421 - uvicorn.error - INFO - Application startup complete.
2026-06-01 20:31:35,987 - uvicorn.error - WARNING - StatReload detected changes in 'SINU\semantic search\app\routes\api.py'. Reloading...
2026-06-01 20:31:36,034 - uvicorn.error - INFO - Shutting down
2026-06-01 20:31:36,142 - uvicorn.error - INFO - Waiting for application shutdown.
2026-06-01 20:31:36,143 - main - INFO - Shutting down server...
2026-06-01 20:31:36,143 - uvicorn.error - INFO - Application shutdown complete.
2026-06-01 20:31:36,143 - uvicorn.error - INFO - Finished server process [1540]
2026-06-01 20:31:37,612 - uvicorn.error - INFO - Started server process [41960]
2026-06-01 20:31:37,613 - uvicorn.error - INFO - Waiting for application startup.
2026-06-01 20:31:37,613 - main - INFO - FastAPI server is ready!
2026-06-01 20:31:37,613 - main - INFO - Swagger UI  ->  http://localhost:8000/docs
2026-06-01 20:31:37,614 - main - INFO - Home Page   ->  http://localhost:8000
2026-06-01 20:31:37,614 - uvicorn.error - INFO - Application startup complete.
2026-06-01 20:31:42,410 - uvicorn.error - WARNING - StatReload detected changes in 'SINU\semantic search\app\routes\api.py'. Reloading...
2026-06-01 20:31:42,485 - uvicorn.error - INFO - Shutting down
2026-06-01 20:31:42,595 - uvicorn.error - INFO - Waiting for application shutdown.
2026-06-01 20:31:42,597 - main - INFO - Shutting down server...
2026-06-01 20:31:42,597 - uvicorn.error - INFO - Application shutdown complete.
2026-06-01 20:31:42,597 - uvicorn.error - INFO - Finished server process [41960]
2026-06-01 20:31:43,600 - uvicorn.error - INFO - Started server process [37588]
2026-06-01 20:31:43,601 - uvicorn.error - INFO - Waiting for application startup.
2026-06-01 20:31:43,601 - main - INFO - FastAPI server is ready!
2026-06-01 20:31:43,601 - main - INFO - Swagger UI  ->  http://localhost:8000/docs
2026-06-01 20:31:43,601 - main - INFO - Home Page   ->  http://localhost:8000
2026-06-01 20:31:43,602 - uvicorn.error - INFO - Application startup complete.
2026-06-01 20:31:49,044 - uvicorn.error - WARNING - StatReload detected changes in 'SINU\semantic search\app\main.py'. Reloading...
2026-06-01 20:31:49,131 - uvicorn.error - INFO - Shutting down
2026-06-01 20:31:49,241 - uvicorn.error - INFO - Waiting for application shutdown.
2026-06-01 20:31:49,242 - main - INFO - Shutting down server...
2026-06-01 20:31:49,243 - uvicorn.error - INFO - Application shutdown complete.
2026-06-01 20:31:49,243 - uvicorn.error - INFO - Finished server process [37588]
2026-06-01 20:31:50,231 - uvicorn.error - INFO - Started server process [13260]
2026-06-01 20:31:50,231 - uvicorn.error - INFO - Waiting for application startup.
2026-06-01 20:31:50,232 - main - INFO - FastAPI server is ready!
2026-06-01 20:31:50,232 - main - INFO - Swagger UI  ->  http://localhost:8000/docs
2026-06-01 20:31:50,232 - main - INFO - Home Page   ->  http://localhost:8000
2026-06-01 20:31:50,232 - uvicorn.error - INFO - Application startup complete.
2026-06-01 20:32:26,669 - uvicorn.error - WARNING - StatReload detected changes in 'SINU\semantic search\app\main.py'. Reloading...
2026-06-01 20:32:26,736 - uvicorn.error - INFO - Shutting down
2026-06-01 20:32:26,844 - uvicorn.error - INFO - Waiting for application shutdown.
2026-06-01 20:32:26,844 - main - INFO - Shutting down server...
2026-06-01 20:32:26,844 - uvicorn.error - INFO - Application shutdown complete.
2026-06-01 20:32:26,844 - uvicorn.error - INFO - Finished server process [13260]
2026-06-01 20:32:31,010 - uvicorn.error - WARNING - StatReload detected changes in 'SINU\semantic search\app\main.py'. Reloading...
2026-06-01 20:32:34,654 - uvicorn.error - WARNING - StatReload detected changes in 'SINU\semantic search\app\main.py'. Reloading...
2026-06-01 20:32:54,828 - uvicorn.error - WARNING - StatReload detected changes in 'SINU\semantic search\app\main.py'. Reloading...
2026-06-01 20:32:56,065 - uvicorn.error - INFO - Started server process [50272]
2026-06-01 20:32:56,066 - uvicorn.error - INFO - Waiting for application startup.
2026-06-01 20:32:56,066 - main - INFO - FastAPI server is ready!
2026-06-01 20:32:56,067 - main - INFO - Swagger UI  ->  http://localhost:8000/docs
2026-06-01 20:32:56,067 - main - INFO - Home Page   ->  http://localhost:8000
2026-06-01 20:32:56,067 - uvicorn.error - INFO - Application startup complete.
2026-06-01 20:33:03,956 - uvicorn.error - WARNING - StatReload detected changes in 'SINU\semantic search\app\main.py'. Reloading...
2026-06-01 20:33:03,978 - uvicorn.error - INFO - Shutting down
2026-06-01 20:33:04,088 - uvicorn.error - INFO - Waiting for application shutdown.
2026-06-01 20:33:04,088 - main - INFO - Shutting down server...
2026-06-01 20:33:04,088 - uvicorn.error - INFO - Application shutdown complete.
2026-06-01 20:33:04,089 - uvicorn.error - INFO - Finished server process [50272]
2026-06-01 20:33:10,479 - uvicorn.error - WARNING - StatReload detected changes in 'SINU\semantic search\app\routes\api.py'. Reloading...
2026-06-01 20:33:16,596 - uvicorn.error - WARNING - StatReload detected changes in 'SINU\semantic search\app\main.py'. Reloading...
2026-06-01 20:33:17,984 - uvicorn.error - INFO - Started server process [4964]
2026-06-01 20:33:17,985 - uvicorn.error - INFO - Waiting for application startup.
2026-06-01 20:33:17,986 - main - INFO - FastAPI server is ready!
2026-06-01 20:33:17,986 - main - INFO - Swagger UI  ->  http://localhost:8000/docs
2026-06-01 20:33:17,986 - main - INFO - Home Page   ->  http://localhost:8000
2026-06-01 20:33:17,987 - uvicorn.error - INFO - Application startup complete.
2026-06-01 20:33:32,172 - uvicorn.access - INFO - 127.0.0.1:60610 - "GET / HTTP/1.1" 200
2026-06-01 20:48:51,171 - uvicorn.error - WARNING - StatReload detected changes in 'SINU\semantic search\app\main.py'. Reloading...
2026-06-01 20:48:51,203 - uvicorn.error - INFO - Shutting down
2026-06-01 20:48:51,312 - uvicorn.error - INFO - Waiting for application shutdown.
2026-06-01 20:48:51,313 - main - INFO - Shutting down server...
2026-06-01 20:48:51,313 - uvicorn.error - INFO - Application shutdown complete.
2026-06-01 20:48:51,313 - uvicorn.error - INFO - Finished server process [4964]
2026-06-01 20:49:09,522 - uvicorn.error - WARNING - StatReload detected changes in 'SINU\semantic search\app\main.py'. Reloading...
2026-06-01 20:49:17,018 - uvicorn.error - WARNING - StatReload detected changes in 'SINU\semantic search\app\main.py'. Reloading...
2026-06-01 20:49:41,025 - uvicorn.error - WARNING - StatReload detected changes in 'SINU\semantic search\app\main.py'. Reloading...
2026-06-01 21:04:13,754 - uvicorn.error - WARNING - StatReload detected changes in 'SINU\semantic search\app\main.py'. Reloading...
2026-06-01 21:04:24,975 - uvicorn.error - WARNING - StatReload detected changes in 'SINU\semantic search\app\main.py'. Reloading...
2026-06-01 21:06:34,911 - uvicorn.error - WARNING - StatReload detected changes in 'SINU\semantic search\app\main.py'. Reloading...
2026-06-01 21:06:43,663 - uvicorn.error - WARNING - StatReload detected changes in 'SINU\semantic search\app\main.py'. Reloading...
2026-06-01 21:24:05,330 - uvicorn.error - WARNING - StatReload detected changes in 'SINU\semantic search\app\main.py'. Reloading...
2026-06-01 21:29:57,109 - uvicorn.error - WARNING - StatReload detected changes in 'SINU\semantic search\app\main.py'. Reloading...
2026-06-01 21:30:16,256 - uvicorn.error - WARNING - StatReload detected changes in 'SINU\semantic search\app\main.py'. Reloading...
2026-06-01 21:30:19,318 - uvicorn.error - WARNING - StatReload detected changes in 'SINU\semantic search\app\main.py'. Reloading...
2026-06-01 21:30:27,303 - uvicorn.error - WARNING - StatReload detected changes in 'SINU\semantic search\app\main.py'. Reloading...
2026-06-01 21:30:32,920 - uvicorn.error - WARNING - StatReload detected changes in 'SINU\semantic search\app\main.py'. Reloading...
2026-06-01 21:30:38,752 - uvicorn.error - WARNING - StatReload detected changes in 'SINU\semantic search\app\main.py'. Reloading...
2026-06-01 21:30:42,187 - uvicorn.error - WARNING - StatReload detected changes in 'SINU\semantic search\app\main.py'. Reloading...
2026-06-01 21:30:45,141 - uvicorn.error - WARNING - StatReload detected changes in 'SINU\semantic search\app\main.py'. Reloading...
2026-06-01 21:30:48,419 - uvicorn.error - WARNING - StatReload detected changes in 'SINU\semantic search\app\main.py'. Reloading...
2026-06-01 21:30:52,124 - uvicorn.error - WARNING - StatReload detected changes in 'SINU\semantic search\app\main.py'. Reloading...
2026-06-01 23:19:39,113 - uvicorn.error - WARNING - StatReload detected changes in 'SINU\semantic search\app\main.py'. Reloading...
2026-06-01 23:19:43,320 - uvicorn.error - WARNING - StatReload detected changes in 'SINU\semantic search\app\main.py'. Reloading...
2026-06-01 23:20:00,964 - uvicorn.error - WARNING - StatReload detected changes in 'SINU\semantic search\app\main.py'. Reloading...
2026-06-01 23:20:11,021 - uvicorn.error - WARNING - StatReload detected changes in 'SINU\semantic search\app\main.py'. Reloading...
2026-06-01 23:20:51,143 - uvicorn.error - WARNING - StatReload detected changes in 'SINU\semantic search\app\main.py'. Reloading...
2026-06-01 23:21:10,137 - uvicorn.error - WARNING - StatReload detected changes in 'SINU\semantic search\app\main.py'. Reloading...
2026-06-01 23:23:25,916 - uvicorn.error - WARNING - StatReload detected changes in 'SINU\semantic search\app\main.py'. Reloading...
2026-06-01 23:23:29,263 - uvicorn.error - WARNING - StatReload detected changes in 'SINU\semantic search\app\main.py'. Reloading...
2026-06-01 23:23:57,792 - uvicorn.error - WARNING - StatReload detected changes in 'SINU\semantic search\app\main.py'. Reloading...
2026-06-01 23:24:04,669 - uvicorn.error - INFO - Started server process [59756]
2026-06-01 23:24:04,670 - uvicorn.error - INFO - Waiting for application startup.
2026-06-01 23:24:04,783 - httpx - INFO - HTTP Request: GET http://localhost:6333 "HTTP/1.1 200 OK"
2026-06-01 23:24:04,783 - httpx - INFO - HTTP Request: GET http://localhost:6333/collections "HTTP/1.1 200 OK"
2026-06-01 23:24:05,335 - httpx - INFO - HTTP Request: PUT http://localhost:6333/collections/RECOLAB "HTTP/1.1 200 OK"
2026-06-01 23:24:05,336 - main - INFO - Created Qdrant collection 'RECOLAB'
2026-06-01 23:24:08,697 - sentence_transformers.base.model - INFO - No device provided, using cpu
2026-06-01 23:24:09,286 - httpx - INFO - HTTP Request: HEAD https://huggingface.co/nomic-ai/nomic-embed-text-v1.5/resolve/main/modules.json "HTTP/1.1 307 Temporary Redirect"
2026-06-01 23:24:09,598 - httpx - INFO - HTTP Request: HEAD https://huggingface.co/api/resolve-cache/models/nomic-ai/nomic-embed-text-v1.5/e9b6763023c676ca8431644204f50c2b100d9aab/modules.json "HTTP/1.1 200 OK"
2026-06-01 23:24:10,010 - httpx - INFO - HTTP Request: GET https://huggingface.co/api/resolve-cache/models/nomic-ai/nomic-embed-text-v1.5/e9b6763023c676ca8431644204f50c2b100d9aab/modules.json "HTTP/1.1 200 OK"
2026-06-01 23:24:10,415 - httpx - INFO - HTTP Request: HEAD https://huggingface.co/nomic-ai/nomic-embed-text-v1.5/resolve/main/config_sentence_transformers.json "HTTP/1.1 307 Temporary Redirect"
2026-06-01 23:24:10,822 - httpx - INFO - HTTP Request: HEAD https://huggingface.co/api/resolve-cache/models/nomic-ai/nomic-embed-text-v1.5/e9b6763023c676ca8431644204f50c2b100d9aab/config_sentence_transformers.json "HTTP/1.1 200 OK"
2026-06-01 23:24:11,130 - httpx - INFO - HTTP Request: GET https://huggingface.co/api/resolve-cache/models/nomic-ai/nomic-embed-text-v1.5/e9b6763023c676ca8431644204f50c2b100d9aab/config_sentence_transformers.json "HTTP/1.1 200 OK"
2026-06-01 23:24:11,144 - sentence_transformers.base.model - INFO - Loading SentenceTransformer model from nomic-ai/nomic-embed-text-v1.5.
2026-06-01 23:24:11,539 - httpx - INFO - HTTP Request: HEAD https://huggingface.co/nomic-ai/nomic-embed-text-v1.5/resolve/main/config_sentence_transformers.json "HTTP/1.1 307 Temporary Redirect"
2026-06-01 23:24:11,643 - httpx - INFO - HTTP Request: HEAD https://huggingface.co/api/resolve-cache/models/nomic-ai/nomic-embed-text-v1.5/e9b6763023c676ca8431644204f50c2b100d9aab/config_sentence_transformers.json "HTTP/1.1 200 OK"
2026-06-01 23:24:11,950 - httpx - INFO - HTTP Request: HEAD https://huggingface.co/nomic-ai/nomic-embed-text-v1.5/resolve/main/README.md "HTTP/1.1 307 Temporary Redirect"
2026-06-01 23:24:12,256 - httpx - INFO - HTTP Request: HEAD https://huggingface.co/api/resolve-cache/models/nomic-ai/nomic-embed-text-v1.5/e9b6763023c676ca8431644204f50c2b100d9aab/README.md "HTTP/1.1 200 OK"
2026-06-01 23:24:12,580 - httpx - INFO - HTTP Request: GET https://huggingface.co/api/resolve-cache/models/nomic-ai/nomic-embed-text-v1.5/e9b6763023c676ca8431644204f50c2b100d9aab/README.md "HTTP/1.1 200 OK"
2026-06-01 23:24:12,972 - httpx - INFO - HTTP Request: HEAD https://huggingface.co/nomic-ai/nomic-embed-text-v1.5/resolve/main/modules.json "HTTP/1.1 307 Temporary Redirect"
2026-06-01 23:24:13,072 - httpx - INFO - HTTP Request: HEAD https://huggingface.co/api/resolve-cache/models/nomic-ai/nomic-embed-text-v1.5/e9b6763023c676ca8431644204f50c2b100d9aab/modules.json "HTTP/1.1 200 OK"
2026-06-01 23:24:13,375 - httpx - INFO - HTTP Request: HEAD https://huggingface.co/nomic-ai/nomic-embed-text-v1.5/resolve/main/sentence_bert_config.json "HTTP/1.1 307 Temporary Redirect"
2026-06-01 23:24:13,695 - httpx - INFO - HTTP Request: HEAD https://huggingface.co/api/resolve-cache/models/nomic-ai/nomic-embed-text-v1.5/e9b6763023c676ca8431644204f50c2b100d9aab/sentence_bert_config.json "HTTP/1.1 200 OK"
2026-06-01 23:24:14,016 - httpx - INFO - HTTP Request: GET https://huggingface.co/api/resolve-cache/models/nomic-ai/nomic-embed-text-v1.5/e9b6763023c676ca8431644204f50c2b100d9aab/sentence_bert_config.json "HTTP/1.1 200 OK"
2026-06-01 23:24:14,357 - httpx - INFO - HTTP Request: HEAD https://huggingface.co/nomic-ai/nomic-embed-text-v1.5/resolve/main/adapter_config.json "HTTP/1.1 404 Not Found"
2026-06-01 23:24:14,713 - httpx - INFO - HTTP Request: HEAD https://huggingface.co/nomic-ai/nomic-embed-text-v1.5/resolve/main/config.json "HTTP/1.1 307 Temporary Redirect"
2026-06-01 23:24:15,041 - httpx - INFO - HTTP Request: HEAD https://huggingface.co/api/resolve-cache/models/nomic-ai/nomic-embed-text-v1.5/e9b6763023c676ca8431644204f50c2b100d9aab/config.json "HTTP/1.1 200 OK"
2026-06-01 23:24:15,328 - httpx - INFO - HTTP Request: GET https://huggingface.co/api/resolve-cache/models/nomic-ai/nomic-embed-text-v1.5/e9b6763023c676ca8431644204f50c2b100d9aab/config.json "HTTP/1.1 200 OK"
2026-06-01 23:24:15,737 - httpx - INFO - HTTP Request: HEAD https://huggingface.co/nomic-ai/nomic-bert-2048/resolve/main/configuration_hf_nomic_bert.py "HTTP/1.1 307 Temporary Redirect"
2026-06-01 23:24:16,044 - httpx - INFO - HTTP Request: HEAD https://huggingface.co/api/resolve-cache/models/nomic-ai/nomic-bert-2048/7710840340a098cfb869c4f65e87cf2b1b70caca/configuration_hf_nomic_bert.py "HTTP/1.1 200 OK"
2026-06-01 23:24:16,368 - httpx - INFO - HTTP Request: GET https://huggingface.co/api/resolve-cache/models/nomic-ai/nomic-bert-2048/7710840340a098cfb869c4f65e87cf2b1b70caca/configuration_hf_nomic_bert.py "HTTP/1.1 200 OK"
2026-06-01 23:24:16,719 - httpx - INFO - HTTP Request: HEAD https://huggingface.co/nomic-ai/nomic-embed-text-v1.5/resolve/main/config.json "HTTP/1.1 307 Temporary Redirect"
2026-06-01 23:24:16,798 - httpx - INFO - HTTP Request: HEAD https://huggingface.co/api/resolve-cache/models/nomic-ai/nomic-embed-text-v1.5/e9b6763023c676ca8431644204f50c2b100d9aab/config.json "HTTP/1.1 200 OK"
2026-06-01 23:24:17,171 - httpx - INFO - HTTP Request: HEAD https://huggingface.co/nomic-ai/nomic-bert-2048/resolve/main/modeling_hf_nomic_bert.py "HTTP/1.1 307 Temporary Redirect"
2026-06-01 23:24:17,580 - httpx - INFO - HTTP Request: HEAD https://huggingface.co/api/resolve-cache/models/nomic-ai/nomic-bert-2048/7710840340a098cfb869c4f65e87cf2b1b70caca/modeling_hf_nomic_bert.py "HTTP/1.1 200 OK"
2026-06-01 23:24:17,993 - httpx - INFO - HTTP Request: GET https://huggingface.co/api/resolve-cache/models/nomic-ai/nomic-bert-2048/7710840340a098cfb869c4f65e87cf2b1b70caca/modeling_hf_nomic_bert.py "HTTP/1.1 200 OK"
2026-06-01 23:24:18,065 - main - ERROR - Error initializing Server: This modeling file requires the following packages that were not found in your environment: einops. Run `pip install einops`
2026-06-01 23:24:18,193 - uvicorn.error - ERROR - Traceback (most recent call last):
  File "d:\PROJECT\RE Colab\Curious-Bee-AI-Module\.venv\Lib\site-packages\starlette\routing.py", line 638, in lifespan
    async with self.lifespan_context(app) as maybe_state:
               ~~~~~~~~~~~~~~~~~~~~~^^^^^
  File "C:\Users\sinub\AppData\Roaming\uv\python\cpython-3.14-windows-x86_64-none\Lib\contextlib.py", line 214, in __aenter__
    return await anext(self.gen)
           ^^^^^^^^^^^^^^^^^^^^^
  File "d:\PROJECT\RE Colab\Curious-Bee-AI-Module\.venv\Lib\site-packages\fastapi\routing.py", line 216, in merged_lifespan
    async with original_context(app) as maybe_original_state:
               ~~~~~~~~~~~~~~~~^^^^^
  File "C:\Users\sinub\AppData\Roaming\uv\python\cpython-3.14-windows-x86_64-none\Lib\contextlib.py", line 214, in __aenter__
    return await anext(self.gen)
           ^^^^^^^^^^^^^^^^^^^^^
  File "d:\PROJECT\RE Colab\Curious-Bee-AI-Module\SINU\semantic search\app\main.py", line 72, in lifespan
    raise e
  File "d:\PROJECT\RE Colab\Curious-Bee-AI-Module\SINU\semantic search\app\main.py", line 45, in lifespan
    app.state.embedding_model = HuggingFaceEmbeddings(
                                ~~~~~~~~~~~~~~~~~~~~~^
        model_name="nomic-ai/nomic-embed-text-v1.5",
        ^^^^^^^^^^^^^^^^^^^^^^^^^^^^^^^^^^^^^^^^^^^^
        model_kwargs={"trust_remote_code": True}
        ^^^^^^^^^^^^^^^^^^^^^^^^^^^^^^^^^^^^^^^^
    )
    ^
  File "d:\PROJECT\RE Colab\Curious-Bee-AI-Module\.venv\Lib\site-packages\langchain_huggingface\embeddings\huggingface.py", line 97, in __init__
    self._client = model_cls(
                   ~~~~~~~~~^
        self.model_name, cache_folder=self.cache_folder, **self.model_kwargs
        ^^^^^^^^^^^^^^^^^^^^^^^^^^^^^^^^^^^^^^^^^^^^^^^^^^^^^^^^^^^^^^^^^^^^
    )
    ^
  File "d:\PROJECT\RE Colab\Curious-Bee-AI-Module\.venv\Lib\site-packages\sentence_transformers\util\decorators.py", line 41, in wrapper
    return func(*args, **kwargs)
  File "d:\PROJECT\RE Colab\Curious-Bee-AI-Module\.venv\Lib\site-packages\sentence_transformers\sentence_transformer\model.py", line 184, in __init__
    super().__init__(
    ~~~~~~~~~~~~~~~~^
        model_name_or_path=model_name_or_path,
        ^^^^^^^^^^^^^^^^^^^^^^^^^^^^^^^^^^^^^^
    ...<13 lines>...
        default_prompt_name=default_prompt_name,
        ^^^^^^^^^^^^^^^^^^^^^^^^^^^^^^^^^^^^^^^^
    )
    ^
  File "d:\PROJECT\RE Colab\Curious-Bee-AI-Module\.venv\Lib\site-packages\sentence_transformers\base\model.py", line 204, in __init__
    modules, self.module_kwargs = self._load_modules(
                                  ~~~~~~~~~~~~~~~~~~^
        model_name_or_path,
        ^^^^^^^^^^^^^^^^^^^
    ...<7 lines>...
        config_kwargs=config_kwargs,
        ^^^^^^^^^^^^^^^^^^^^^^^^^^^^
    )
    ^
  File "d:\PROJECT\RE Colab\Curious-Bee-AI-Module\.venv\Lib\site-packages\sentence_transformers\base\model.py", line 993, in _load_modules
    return self._load_config_modules(model_name_or_path, **load_kwargs)
           ~~~~~~~~~~~~~~~~~~~~~~~~~^^^^^^^^^^^^^^^^^^^^^^^^^^^^^^^^^^^
  File "d:\PROJECT\RE Colab\Curious-Bee-AI-Module\.venv\Lib\site-packages\sentence_transformers\base\model.py", line 1199, in _load_config_modules
    module = module_class.load(
        model_name_or_path,
    ...<11 lines>...
        backend=self.backend,
    )
  File "d:\PROJECT\RE Colab\Curious-Bee-AI-Module\.venv\Lib\site-packages\sentence_transformers\base\modules\transformer.py", line 1793, in load
    return cls(model_name_or_path=model_name_or_path, **init_kwargs)
  File "d:\PROJECT\RE Colab\Curious-Bee-AI-Module\.venv\Lib\site-packages\sentence_transformers\util\decorators.py", line 87, in wrapper
    return func(*args, **kwargs)
  File "d:\PROJECT\RE Colab\Curious-Bee-AI-Module\.venv\Lib\site-packages\sentence_transformers\base\modules\transformer.py", line 645, in __init__
    self.model = self._load_model(
                 ~~~~~~~~~~~~~~~~^
        model_name_or_path, transformer_task, config, backend, is_peft_model, **model_kwargs
        ^^^^^^^^^^^^^^^^^^^^^^^^^^^^^^^^^^^^^^^^^^^^^^^^^^^^^^^^^^^^^^^^^^^^^^^^^^^^^^^^^^^^
    )
    ^
  File "d:\PROJECT\RE Colab\Curious-Bee-AI-Module\.venv\Lib\site-packages\sentence_transformers\base\modules\transformer.py", line 1499, in _load_model
    return model_cls.from_pretrained(model_name_or_path, config=config, **model_kwargs)
           ~~~~~~~~~~~~~~~~~~~~~~~~~^^^^^^^^^^^^^^^^^^^^^^^^^^^^^^^^^^^^^^^^^^^^^^^^^^^
  File "d:\PROJECT\RE Colab\Curious-Bee-AI-Module\.venv\Lib\site-packages\transformers\models\auto\auto_factory.py", line 379, in from_pretrained
    model_class = get_class_from_dynamic_module(
        class_ref, pretrained_model_name_or_path, code_revision=code_revision, **hub_kwargs, **kwargs
    )
  File "d:\PROJECT\RE Colab\Curious-Bee-AI-Module\.venv\Lib\site-packages\transformers\dynamic_module_utils.py", line 616, in get_class_from_dynamic_module
    final_module = get_cached_module_file(
        repo_id,
    ...<7 lines>...
        repo_type=repo_type,
    )
  File "d:\PROJECT\RE Colab\Curious-Bee-AI-Module\.venv\Lib\site-packages\transformers\dynamic_module_utils.py", line 445, in get_cached_module_file
    modules_needed = check_imports(resolved_module_file)
  File "d:\PROJECT\RE Colab\Curious-Bee-AI-Module\.venv\Lib\site-packages\transformers\dynamic_module_utils.py", line 258, in check_imports
    raise ImportError(
    ...<2 lines>...
    )
ImportError: This modeling file requires the following packages that were not found in your environment: einops. Run `pip install einops`

2026-06-01 23:24:18,194 - uvicorn.error - ERROR - Application startup failed. Exiting.
2026-06-01 23:26:01,462 - uvicorn.error - WARNING - StatReload detected changes in 'SINU\semantic search\app\main.py'. Reloading...
2026-06-01 23:26:11,272 - uvicorn.error - INFO - Started server process [57668]
2026-06-01 23:26:11,273 - uvicorn.error - INFO - Waiting for application startup.
2026-06-01 23:26:11,359 - httpx - INFO - HTTP Request: GET http://localhost:6333/collections "HTTP/1.1 200 OK"
2026-06-01 23:26:11,382 - httpx - INFO - HTTP Request: GET http://localhost:6333 "HTTP/1.1 200 OK"
2026-06-01 23:26:15,849 - sentence_transformers.base.model - INFO - No device provided, using cpu
2026-06-01 23:26:16,397 - httpx - INFO - HTTP Request: HEAD https://huggingface.co/nomic-ai/nomic-embed-text-v1.5/resolve/main/modules.json "HTTP/1.1 307 Temporary Redirect"
2026-06-01 23:26:16,647 - httpx - INFO - HTTP Request: HEAD https://huggingface.co/api/resolve-cache/models/nomic-ai/nomic-embed-text-v1.5/e9b6763023c676ca8431644204f50c2b100d9aab/modules.json "HTTP/1.1 200 OK"
2026-06-01 23:26:17,101 - httpx - INFO - HTTP Request: HEAD https://huggingface.co/nomic-ai/nomic-embed-text-v1.5/resolve/main/config_sentence_transformers.json "HTTP/1.1 307 Temporary Redirect"
2026-06-01 23:26:17,198 - httpx - INFO - HTTP Request: HEAD https://huggingface.co/api/resolve-cache/models/nomic-ai/nomic-embed-text-v1.5/e9b6763023c676ca8431644204f50c2b100d9aab/config_sentence_transformers.json "HTTP/1.1 200 OK"
2026-06-01 23:26:17,200 - sentence_transformers.base.model - INFO - Loading SentenceTransformer model from nomic-ai/nomic-embed-text-v1.5.
2026-06-01 23:26:17,593 - httpx - INFO - HTTP Request: HEAD https://huggingface.co/nomic-ai/nomic-embed-text-v1.5/resolve/main/config_sentence_transformers.json "HTTP/1.1 307 Temporary Redirect"
2026-06-01 23:26:17,678 - httpx - INFO - HTTP Request: HEAD https://huggingface.co/api/resolve-cache/models/nomic-ai/nomic-embed-text-v1.5/e9b6763023c676ca8431644204f50c2b100d9aab/config_sentence_transformers.json "HTTP/1.1 200 OK"
2026-06-01 23:26:18,002 - httpx - INFO - HTTP Request: HEAD https://huggingface.co/nomic-ai/nomic-embed-text-v1.5/resolve/main/README.md "HTTP/1.1 307 Temporary Redirect"
2026-06-01 23:26:18,099 - httpx - INFO - HTTP Request: HEAD https://huggingface.co/api/resolve-cache/models/nomic-ai/nomic-embed-text-v1.5/e9b6763023c676ca8431644204f50c2b100d9aab/README.md "HTTP/1.1 200 OK"
2026-06-01 23:26:18,389 - httpx - INFO - HTTP Request: HEAD https://huggingface.co/nomic-ai/nomic-embed-text-v1.5/resolve/main/modules.json "HTTP/1.1 307 Temporary Redirect"
2026-06-01 23:26:18,458 - httpx - INFO - HTTP Request: HEAD https://huggingface.co/api/resolve-cache/models/nomic-ai/nomic-embed-text-v1.5/e9b6763023c676ca8431644204f50c2b100d9aab/modules.json "HTTP/1.1 200 OK"
2026-06-01 23:26:18,821 - httpx - INFO - HTTP Request: HEAD https://huggingface.co/nomic-ai/nomic-embed-text-v1.5/resolve/main/sentence_bert_config.json "HTTP/1.1 307 Temporary Redirect"
2026-06-01 23:26:18,931 - httpx - INFO - HTTP Request: HEAD https://huggingface.co/api/resolve-cache/models/nomic-ai/nomic-embed-text-v1.5/e9b6763023c676ca8431644204f50c2b100d9aab/sentence_bert_config.json "HTTP/1.1 200 OK"
2026-06-01 23:26:19,352 - httpx - INFO - HTTP Request: HEAD https://huggingface.co/nomic-ai/nomic-embed-text-v1.5/resolve/main/adapter_config.json "HTTP/1.1 404 Not Found"
2026-06-01 23:26:19,653 - httpx - INFO - HTTP Request: HEAD https://huggingface.co/nomic-ai/nomic-embed-text-v1.5/resolve/main/config.json "HTTP/1.1 307 Temporary Redirect"
2026-06-01 23:26:19,727 - httpx - INFO - HTTP Request: HEAD https://huggingface.co/api/resolve-cache/models/nomic-ai/nomic-embed-text-v1.5/e9b6763023c676ca8431644204f50c2b100d9aab/config.json "HTTP/1.1 200 OK"
2026-06-01 23:26:20,032 - httpx - INFO - HTTP Request: HEAD https://huggingface.co/nomic-ai/nomic-bert-2048/resolve/main/configuration_hf_nomic_bert.py "HTTP/1.1 307 Temporary Redirect"
2026-06-01 23:26:20,135 - httpx - INFO - HTTP Request: HEAD https://huggingface.co/api/resolve-cache/models/nomic-ai/nomic-bert-2048/7710840340a098cfb869c4f65e87cf2b1b70caca/configuration_hf_nomic_bert.py "HTTP/1.1 200 OK"
2026-06-01 23:26:20,563 - httpx - INFO - HTTP Request: HEAD https://huggingface.co/nomic-ai/nomic-embed-text-v1.5/resolve/main/config.json "HTTP/1.1 307 Temporary Redirect"
2026-06-01 23:26:20,649 - httpx - INFO - HTTP Request: HEAD https://huggingface.co/api/resolve-cache/models/nomic-ai/nomic-embed-text-v1.5/e9b6763023c676ca8431644204f50c2b100d9aab/config.json "HTTP/1.1 200 OK"
2026-06-01 23:26:21,074 - httpx - INFO - HTTP Request: HEAD https://huggingface.co/nomic-ai/nomic-bert-2048/resolve/main/modeling_hf_nomic_bert.py "HTTP/1.1 307 Temporary Redirect"
2026-06-01 23:26:21,160 - httpx - INFO - HTTP Request: HEAD https://huggingface.co/api/resolve-cache/models/nomic-ai/nomic-bert-2048/7710840340a098cfb869c4f65e87cf2b1b70caca/modeling_hf_nomic_bert.py "HTTP/1.1 200 OK"
2026-06-01 23:26:25,011 - httpx - INFO - HTTP Request: HEAD https://huggingface.co/nomic-ai/nomic-embed-text-v1.5/resolve/main/pytorch_model.bin "HTTP/1.1 404 Not Found"
2026-06-01 23:26:25,376 - httpx - INFO - HTTP Request: HEAD https://huggingface.co/nomic-ai/nomic-embed-text-v1.5/resolve/main/model.safetensors "HTTP/1.1 302 Found"
2026-06-01 23:26:25,887 - httpx - INFO - HTTP Request: GET https://huggingface.co/api/models/nomic-ai/nomic-embed-text-v1.5/xet-read-token/e9b6763023c676ca8431644204f50c2b100d9aab "HTTP/1.1 200 OK"
2026-06-01 23:27:06,786 - uvicorn.error - ERROR - Traceback (most recent call last):
  File "d:\PROJECT\RE Colab\Curious-Bee-AI-Module\.venv\Lib\site-packages\starlette\routing.py", line 638, in lifespan
    async with self.lifespan_context(app) as maybe_state:
               ~~~~~~~~~~~~~~~~~~~~~^^^^^
  File "C:\Users\sinub\AppData\Roaming\uv\python\cpython-3.14-windows-x86_64-none\Lib\contextlib.py", line 214, in __aenter__
    return await anext(self.gen)
           ^^^^^^^^^^^^^^^^^^^^^
  File "d:\PROJECT\RE Colab\Curious-Bee-AI-Module\.venv\Lib\site-packages\fastapi\routing.py", line 216, in merged_lifespan
    async with original_context(app) as maybe_original_state:
               ~~~~~~~~~~~~~~~~^^^^^
  File "C:\Users\sinub\AppData\Roaming\uv\python\cpython-3.14-windows-x86_64-none\Lib\contextlib.py", line 214, in __aenter__
    return await anext(self.gen)
           ^^^^^^^^^^^^^^^^^^^^^
  File "d:\PROJECT\RE Colab\Curious-Bee-AI-Module\SINU\semantic search\app\main.py", line 45, in lifespan
    app.state.embedding_model = HuggingFaceEmbeddings(
                                ~~~~~~~~~~~~~~~~~~~~~^
        model_name="nomic-ai/nomic-embed-text-v1.5",
        ^^^^^^^^^^^^^^^^^^^^^^^^^^^^^^^^^^^^^^^^^^^^
        model_kwargs={"trust_remote_code": True}
        ^^^^^^^^^^^^^^^^^^^^^^^^^^^^^^^^^^^^^^^^
    )
    ^
  File "d:\PROJECT\RE Colab\Curious-Bee-AI-Module\.venv\Lib\site-packages\langchain_huggingface\embeddings\huggingface.py", line 97, in __init__
    self._client = model_cls(
                   ~~~~~~~~~^
        self.model_name, cache_folder=self.cache_folder, **self.model_kwargs
        ^^^^^^^^^^^^^^^^^^^^^^^^^^^^^^^^^^^^^^^^^^^^^^^^^^^^^^^^^^^^^^^^^^^^
    )
    ^
  File "d:\PROJECT\RE Colab\Curious-Bee-AI-Module\.venv\Lib\site-packages\sentence_transformers\util\decorators.py", line 41, in wrapper
    return func(*args, **kwargs)
  File "d:\PROJECT\RE Colab\Curious-Bee-AI-Module\.venv\Lib\site-packages\sentence_transformers\sentence_transformer\model.py", line 184, in __init__
    super().__init__(
    ~~~~~~~~~~~~~~~~^
        model_name_or_path=model_name_or_path,
        ^^^^^^^^^^^^^^^^^^^^^^^^^^^^^^^^^^^^^^
    ...<13 lines>...
        default_prompt_name=default_prompt_name,
        ^^^^^^^^^^^^^^^^^^^^^^^^^^^^^^^^^^^^^^^^
    )
    ^
  File "d:\PROJECT\RE Colab\Curious-Bee-AI-Module\.venv\Lib\site-packages\sentence_transformers\base\model.py", line 204, in __init__
    modules, self.module_kwargs = self._load_modules(
                                  ~~~~~~~~~~~~~~~~~~^
        model_name_or_path,
        ^^^^^^^^^^^^^^^^^^^
    ...<7 lines>...
        config_kwargs=config_kwargs,
        ^^^^^^^^^^^^^^^^^^^^^^^^^^^^
    )
    ^
  File "d:\PROJECT\RE Colab\Curious-Bee-AI-Module\.venv\Lib\site-packages\sentence_transformers\base\model.py", line 993, in _load_modules
    return self._load_config_modules(model_name_or_path, **load_kwargs)
           ~~~~~~~~~~~~~~~~~~~~~~~~~^^^^^^^^^^^^^^^^^^^^^^^^^^^^^^^^^^^
  File "d:\PROJECT\RE Colab\Curious-Bee-AI-Module\.venv\Lib\site-packages\sentence_transformers\base\model.py", line 1199, in _load_config_modules
    module = module_class.load(
        model_name_or_path,
    ...<11 lines>...
        backend=self.backend,
    )
  File "d:\PROJECT\RE Colab\Curious-Bee-AI-Module\.venv\Lib\site-packages\sentence_transformers\base\modules\transformer.py", line 1793, in load
    return cls(model_name_or_path=model_name_or_path, **init_kwargs)
  File "d:\PROJECT\RE Colab\Curious-Bee-AI-Module\.venv\Lib\site-packages\sentence_transformers\util\decorators.py", line 87, in wrapper
    return func(*args, **kwargs)
  File "d:\PROJECT\RE Colab\Curious-Bee-AI-Module\.venv\Lib\site-packages\sentence_transformers\base\modules\transformer.py", line 645, in __init__
    self.model = self._load_model(
                 ~~~~~~~~~~~~~~~~^
        model_name_or_path, transformer_task, config, backend, is_peft_model, **model_kwargs
        ^^^^^^^^^^^^^^^^^^^^^^^^^^^^^^^^^^^^^^^^^^^^^^^^^^^^^^^^^^^^^^^^^^^^^^^^^^^^^^^^^^^^
    )
    ^
  File "d:\PROJECT\RE Colab\Curious-Bee-AI-Module\.venv\Lib\site-packages\sentence_transformers\base\modules\transformer.py", line 1499, in _load_model
    return model_cls.from_pretrained(model_name_or_path, config=config, **model_kwargs)
           ~~~~~~~~~~~~~~~~~~~~~~~~~^^^^^^^^^^^^^^^^^^^^^^^^^^^^^^^^^^^^^^^^^^^^^^^^^^^
  File "d:\PROJECT\RE Colab\Curious-Bee-AI-Module\.venv\Lib\site-packages\transformers\models\auto\auto_factory.py", line 390, in from_pretrained
    return model_class.from_pretrained(
           ~~~~~~~~~~~~~~~~~~~~~~~~~~~^
        pretrained_model_name_or_path, *model_args, config=config, **hub_kwargs, **kwargs
        ^^^^^^^^^^^^^^^^^^^^^^^^^^^^^^^^^^^^^^^^^^^^^^^^^^^^^^^^^^^^^^^^^^^^^^^^^^^^^^^^^
    )
    ^
  File "C:\Users\sinub\.cache\huggingface\modules\transformers_modules\nomic_hyphen_ai\nomic_hyphen_bert_hyphen_2048\7710840340a098cfb869c4f65e87cf2b1b70caca\modeling_hf_nomic_bert.py", line 452, in from_pretrained
    state_dict = state_dict_from_pretrained(model_name, dtype=dtype)
  File "C:\Users\sinub\.cache\huggingface\modules\transformers_modules\nomic_hyphen_ai\nomic_hyphen_bert_hyphen_2048\7710840340a098cfb869c4f65e87cf2b1b70caca\modeling_hf_nomic_bert.py", line 95, in state_dict_from_pretrained
    resolved_archive_file = cached_file(model_name, weight_name, _raise_exceptions_for_missing_entries=False)
  File "d:\PROJECT\RE Colab\Curious-Bee-AI-Module\.venv\Lib\site-packages\transformers\utils\hub.py", line 278, in cached_file
    file = cached_files(path_or_repo_id=path_or_repo_id, filenames=[filename], **kwargs)
  File "d:\PROJECT\RE Colab\Curious-Bee-AI-Module\.venv\Lib\site-packages\transformers\utils\hub.py", line 422, in cached_files
    hf_hub_download(
    ~~~~~~~~~~~~~~~^
        path_or_repo_id,
        ^^^^^^^^^^^^^^^^
    ...<10 lines>...
        tqdm_class=tqdm_class,
        ^^^^^^^^^^^^^^^^^^^^^^
    )
    ^
  File "d:\PROJECT\RE Colab\Curious-Bee-AI-Module\.venv\Lib\site-packages\huggingface_hub\utils\_validators.py", line 88, in _inner_fn
    return fn(*args, **kwargs)
  File "d:\PROJECT\RE Colab\Curious-Bee-AI-Module\.venv\Lib\site-packages\huggingface_hub\file_download.py", line 1010, in hf_hub_download
    return _hf_hub_download_to_cache_dir(
        # Destination
    ...<15 lines>...
        dry_run=dry_run,
    )
  File "d:\PROJECT\RE Colab\Curious-Bee-AI-Module\.venv\Lib\site-packages\huggingface_hub\file_download.py", line 1229, in _hf_hub_download_to_cache_dir
    _download_to_tmp_and_move(
    ~~~~~~~~~~~~~~~~~~~~~~~~~^
        incomplete_path=Path(blob_path + ".incomplete"),
        ^^^^^^^^^^^^^^^^^^^^^^^^^^^^^^^^^^^^^^^^^^^^^^^^
    ...<8 lines>...
        tqdm_class=tqdm_class,
        ^^^^^^^^^^^^^^^^^^^^^^
    )
    ^
  File "d:\PROJECT\RE Colab\Curious-Bee-AI-Module\.venv\Lib\site-packages\huggingface_hub\file_download.py", line 1856, in _download_to_tmp_and_move
    xet_get(
    ~~~~~~~^
        incomplete_path=incomplete_path,
        ^^^^^^^^^^^^^^^^^^^^^^^^^^^^^^^^
    ...<4 lines>...
        tqdm_class=tqdm_class,
        ^^^^^^^^^^^^^^^^^^^^^^
    )
    ^
  File "d:\PROJECT\RE Colab\Curious-Bee-AI-Module\.venv\Lib\site-packages\huggingface_hub\file_download.py", line 571, in xet_get
    download_files(
    ~~~~~~~~~~~~~~^
        xet_download_info,
        ^^^^^^^^^^^^^^^^^^
    ...<4 lines>...
        request_headers=xet_headers,
        ^^^^^^^^^^^^^^^^^^^^^^^^^^^^
    )
    ^
KeyboardInterrupt

2026-06-01 23:27:06,797 - uvicorn.error - ERROR - Application startup failed. Exiting.
2026-06-01 23:27:28,411 - uvicorn.error - WARNING - StatReload detected changes in 'SINU\semantic search\app\main.py'. Reloading...
2026-06-01 23:27:34,904 - uvicorn.error - INFO - Started server process [40752]
2026-06-01 23:27:34,904 - uvicorn.error - INFO - Waiting for application startup.
2026-06-01 23:27:34,973 - httpx - INFO - HTTP Request: GET http://localhost:6333/collections "HTTP/1.1 200 OK"
2026-06-01 23:27:34,983 - httpx - INFO - HTTP Request: GET http://localhost:6333 "HTTP/1.1 200 OK"
2026-06-01 23:27:37,840 - sentence_transformers.base.model - INFO - No device provided, using cpu
2026-06-01 23:27:38,488 - httpx - INFO - HTTP Request: HEAD https://huggingface.co/sentence-transformers/all-MiniLM-L6-v2/resolve/main/modules.json "HTTP/1.1 307 Temporary Redirect"
2026-06-01 23:27:38,693 - httpx - INFO - HTTP Request: HEAD https://huggingface.co/api/resolve-cache/models/sentence-transformers/all-MiniLM-L6-v2/1110a243fdf4706b3f48f1d95db1a4f5529b4d41/modules.json "HTTP/1.1 200 OK"
2026-06-01 23:27:39,107 - httpx - INFO - HTTP Request: HEAD https://huggingface.co/sentence-transformers/all-MiniLM-L6-v2/resolve/main/config_sentence_transformers.json "HTTP/1.1 307 Temporary Redirect"
2026-06-01 23:27:39,187 - httpx - INFO - HTTP Request: HEAD https://huggingface.co/api/resolve-cache/models/sentence-transformers/all-MiniLM-L6-v2/1110a243fdf4706b3f48f1d95db1a4f5529b4d41/config_sentence_transformers.json "HTTP/1.1 200 OK"
2026-06-01 23:27:39,202 - sentence_transformers.base.model - INFO - Loading SentenceTransformer model from sentence-transformers/all-MiniLM-L6-v2.
2026-06-01 23:27:39,619 - httpx - INFO - HTTP Request: HEAD https://huggingface.co/sentence-transformers/all-MiniLM-L6-v2/resolve/main/config_sentence_transformers.json "HTTP/1.1 307 Temporary Redirect"
2026-06-01 23:27:39,727 - httpx - INFO - HTTP Request: HEAD https://huggingface.co/api/resolve-cache/models/sentence-transformers/all-MiniLM-L6-v2/1110a243fdf4706b3f48f1d95db1a4f5529b4d41/config_sentence_transformers.json "HTTP/1.1 200 OK"
2026-06-01 23:27:40,126 - httpx - INFO - HTTP Request: HEAD https://huggingface.co/sentence-transformers/all-MiniLM-L6-v2/resolve/main/README.md "HTTP/1.1 307 Temporary Redirect"
2026-06-01 23:27:40,227 - httpx - INFO - HTTP Request: HEAD https://huggingface.co/api/resolve-cache/models/sentence-transformers/all-MiniLM-L6-v2/1110a243fdf4706b3f48f1d95db1a4f5529b4d41/README.md "HTTP/1.1 200 OK"
2026-06-01 23:27:40,636 - httpx - INFO - HTTP Request: HEAD https://huggingface.co/sentence-transformers/all-MiniLM-L6-v2/resolve/main/modules.json "HTTP/1.1 307 Temporary Redirect"
2026-06-01 23:27:40,733 - httpx - INFO - HTTP Request: HEAD https://huggingface.co/api/resolve-cache/models/sentence-transformers/all-MiniLM-L6-v2/1110a243fdf4706b3f48f1d95db1a4f5529b4d41/modules.json "HTTP/1.1 200 OK"
2026-06-01 23:27:41,028 - httpx - INFO - HTTP Request: HEAD https://huggingface.co/sentence-transformers/all-MiniLM-L6-v2/resolve/main/sentence_bert_config.json "HTTP/1.1 307 Temporary Redirect"
2026-06-01 23:27:41,116 - httpx - INFO - HTTP Request: HEAD https://huggingface.co/api/resolve-cache/models/sentence-transformers/all-MiniLM-L6-v2/1110a243fdf4706b3f48f1d95db1a4f5529b4d41/sentence_bert_config.json "HTTP/1.1 200 OK"
2026-06-01 23:27:41,435 - httpx - INFO - HTTP Request: HEAD https://huggingface.co/sentence-transformers/all-MiniLM-L6-v2/resolve/main/adapter_config.json "HTTP/1.1 404 Not Found"
2026-06-01 23:27:41,867 - httpx - INFO - HTTP Request: HEAD https://huggingface.co/sentence-transformers/all-MiniLM-L6-v2/resolve/main/config.json "HTTP/1.1 307 Temporary Redirect"
2026-06-01 23:27:41,945 - httpx - INFO - HTTP Request: HEAD https://huggingface.co/api/resolve-cache/models/sentence-transformers/all-MiniLM-L6-v2/1110a243fdf4706b3f48f1d95db1a4f5529b4d41/config.json "HTTP/1.1 200 OK"
2026-06-01 23:27:42,483 - httpx - INFO - HTTP Request: HEAD https://huggingface.co/sentence-transformers/all-MiniLM-L6-v2/resolve/main/processor_config.json "HTTP/1.1 404 Not Found"
2026-06-01 23:27:42,801 - httpx - INFO - HTTP Request: HEAD https://huggingface.co/sentence-transformers/all-MiniLM-L6-v2/resolve/main/preprocessor_config.json "HTTP/1.1 404 Not Found"
2026-06-01 23:27:43,098 - httpx - INFO - HTTP Request: HEAD https://huggingface.co/sentence-transformers/all-MiniLM-L6-v2/resolve/main/video_preprocessor_config.json "HTTP/1.1 404 Not Found"
2026-06-01 23:27:43,406 - httpx - INFO - HTTP Request: HEAD https://huggingface.co/sentence-transformers/all-MiniLM-L6-v2/resolve/main/preprocessor_config.json "HTTP/1.1 404 Not Found"
2026-06-01 23:27:43,807 - httpx - INFO - HTTP Request: HEAD https://huggingface.co/sentence-transformers/all-MiniLM-L6-v2/resolve/main/tokenizer_config.json "HTTP/1.1 307 Temporary Redirect"
2026-06-01 23:27:43,911 - httpx - INFO - HTTP Request: HEAD https://huggingface.co/api/resolve-cache/models/sentence-transformers/all-MiniLM-L6-v2/1110a243fdf4706b3f48f1d95db1a4f5529b4d41/tokenizer_config.json "HTTP/1.1 200 OK"
2026-06-01 23:27:44,227 - httpx - INFO - HTTP Request: HEAD https://huggingface.co/sentence-transformers/all-MiniLM-L6-v2/resolve/main/config.json "HTTP/1.1 307 Temporary Redirect"
2026-06-01 23:27:44,315 - httpx - INFO - HTTP Request: HEAD https://huggingface.co/api/resolve-cache/models/sentence-transformers/all-MiniLM-L6-v2/1110a243fdf4706b3f48f1d95db1a4f5529b4d41/config.json "HTTP/1.1 200 OK"
2026-06-01 23:27:44,605 - httpx - INFO - HTTP Request: HEAD https://huggingface.co/sentence-transformers/all-MiniLM-L6-v2/resolve/main/config.json "HTTP/1.1 307 Temporary Redirect"
2026-06-01 23:27:44,734 - httpx - INFO - HTTP Request: HEAD https://huggingface.co/api/resolve-cache/models/sentence-transformers/all-MiniLM-L6-v2/1110a243fdf4706b3f48f1d95db1a4f5529b4d41/config.json "HTTP/1.1 200 OK"
2026-06-01 23:27:45,035 - httpx - INFO - HTTP Request: HEAD https://huggingface.co/sentence-transformers/all-MiniLM-L6-v2/resolve/main/tokenizer_config.json "HTTP/1.1 307 Temporary Redirect"
2026-06-01 23:27:45,105 - httpx - INFO - HTTP Request: HEAD https://huggingface.co/api/resolve-cache/models/sentence-transformers/all-MiniLM-L6-v2/1110a243fdf4706b3f48f1d95db1a4f5529b4d41/tokenizer_config.json "HTTP/1.1 200 OK"
2026-06-01 23:27:45,451 - httpx - INFO - HTTP Request: GET https://huggingface.co/api/models/sentence-transformers/all-MiniLM-L6-v2/tree/main/additional_chat_templates?recursive=false&expand=false "HTTP/1.1 404 Not Found"
2026-06-01 23:27:46,217 - httpx - INFO - HTTP Request: GET https://huggingface.co/api/models/sentence-transformers/all-MiniLM-L6-v2/tree/main?recursive=true&expand=false "HTTP/1.1 200 OK"
2026-06-01 23:27:46,680 - httpx - INFO - HTTP Request: HEAD https://huggingface.co/sentence-transformers/all-MiniLM-L6-v2/resolve/main/1_Pooling/config.json "HTTP/1.1 307 Temporary Redirect"
2026-06-01 23:27:46,768 - httpx - INFO - HTTP Request: HEAD https://huggingface.co/api/resolve-cache/models/sentence-transformers/all-MiniLM-L6-v2/1110a243fdf4706b3f48f1d95db1a4f5529b4d41/1_Pooling%2Fconfig.json "HTTP/1.1 200 OK"
2026-06-01 23:27:47,067 - httpx - INFO - HTTP Request: GET https://huggingface.co/api/models/sentence-transformers/all-MiniLM-L6-v2 "HTTP/1.1 200 OK"
2026-06-01 23:27:47,137 - httpx - INFO - HTTP Request: GET http://localhost:6333/collections/RECOLAB "HTTP/1.1 200 OK"
2026-06-01 23:27:47,290 - main - ERROR - Error initializing Server: Existing Qdrant collection is configured for dense vectors with 768 dimensions. Selected embeddings are 384-dimensional. If you want to recreate the collection, set `force_recreate` parameter to `True`.
2026-06-01 23:27:47,294 - uvicorn.error - ERROR - Traceback (most recent call last):
  File "d:\PROJECT\RE Colab\Curious-Bee-AI-Module\.venv\Lib\site-packages\starlette\routing.py", line 638, in lifespan
    async with self.lifespan_context(app) as maybe_state:
               ~~~~~~~~~~~~~~~~~~~~~^^^^^
  File "C:\Users\sinub\AppData\Roaming\uv\python\cpython-3.14-windows-x86_64-none\Lib\contextlib.py", line 214, in __aenter__
    return await anext(self.gen)
           ^^^^^^^^^^^^^^^^^^^^^
  File "d:\PROJECT\RE Colab\Curious-Bee-AI-Module\.venv\Lib\site-packages\fastapi\routing.py", line 216, in merged_lifespan
    async with original_context(app) as maybe_original_state:
               ~~~~~~~~~~~~~~~~^^^^^
  File "C:\Users\sinub\AppData\Roaming\uv\python\cpython-3.14-windows-x86_64-none\Lib\contextlib.py", line 214, in __aenter__
    return await anext(self.gen)
           ^^^^^^^^^^^^^^^^^^^^^
  File "d:\PROJECT\RE Colab\Curious-Bee-AI-Module\SINU\semantic search\app\main.py", line 72, in lifespan
    raise e
  File "d:\PROJECT\RE Colab\Curious-Bee-AI-Module\SINU\semantic search\app\main.py", line 52, in lifespan
    app.state.vector_store = QdrantVectorStore(
                             ~~~~~~~~~~~~~~~~~^
        client=app.state.client,
        ^^^^^^^^^^^^^^^^^^^^^^^^
        embedding=app.state.embedding_model,
        ^^^^^^^^^^^^^^^^^^^^^^^^^^^^^^^^^^^^
        collection_name=QDRANT_COLLECTION_NAME,
        ^^^^^^^^^^^^^^^^^^^^^^^^^^^^^^^^^^^^^^^
    )
    ^
  File "d:\PROJECT\RE Colab\Curious-Bee-AI-Module\.venv\Lib\site-packages\langchain_qdrant\qdrant.py", line 241, in __init__
    self._validate_collection_config(
    ~~~~~~~~~~~~~~~~~~~~~~~~~~~~~~~~^
        client,
        ^^^^^^^
    ...<5 lines>...
        embedding,
        ^^^^^^^^^^
    )
    ^
  File "d:\PROJECT\RE Colab\Curious-Bee-AI-Module\.venv\Lib\site-packages\langchain_qdrant\qdrant.py", line 1161, in _validate_collection_config
    cls._validate_collection_for_dense(
    ~~~~~~~~~~~~~~~~~~~~~~~~~~~~~~~~~~^
        client, collection_name, vector_name, distance, embedding
        ^^^^^^^^^^^^^^^^^^^^^^^^^^^^^^^^^^^^^^^^^^^^^^^^^^^^^^^^^
    )
    ^
  File "d:\PROJECT\RE Colab\Curious-Bee-AI-Module\.venv\Lib\site-packages\langchain_qdrant\qdrant.py", line 1238, in _validate_collection_for_dense
    raise QdrantVectorStoreError(msg)
langchain_qdrant.qdrant.QdrantVectorStoreError: Existing Qdrant collection is configured for dense vectors with 768 dimensions. Selected embeddings are 384-dimensional. If you want to recreate the collection, set `force_recreate` parameter to `True`.

2026-06-01 23:27:47,295 - uvicorn.error - ERROR - Application startup failed. Exiting.
2026-06-01 23:29:01,304 - uvicorn.error - WARNING - StatReload detected changes in 'SINU\semantic search\app\main.py'. Reloading...
2026-06-01 23:29:05,333 - uvicorn.error - WARNING - StatReload detected changes in 'SINU\semantic search\app\main.py'. Reloading...
2026-06-01 23:29:09,765 - uvicorn.error - WARNING - StatReload detected changes in 'SINU\semantic search\app\main.py'. Reloading...
2026-06-01 23:29:14,079 - uvicorn.error - WARNING - StatReload detected changes in 'SINU\semantic search\app\main.py'. Reloading...
2026-06-01 23:29:18,202 - uvicorn.error - WARNING - StatReload detected changes in 'SINU\semantic search\app\main.py'. Reloading...
2026-06-01 23:29:27,853 - uvicorn.error - INFO - Started server process [55748]
2026-06-01 23:29:27,855 - uvicorn.error - INFO - Waiting for application startup.
2026-06-01 23:29:27,926 - httpx - INFO - HTTP Request: GET http://localhost:6333/collections "HTTP/1.1 200 OK"
2026-06-01 23:29:27,957 - httpx - INFO - HTTP Request: GET http://localhost:6333 "HTTP/1.1 200 OK"
2026-06-01 23:29:29,347 - uvicorn.error - WARNING - StatReload detected changes in 'SINU\semantic search\app\main.py'. Reloading...
2026-06-01 23:29:32,249 - httpx - INFO - HTTP Request: HEAD https://huggingface.co/sentence-transformers/all-MiniLM-L6-v2/resolve/main/modules.json "HTTP/1.1 307 Temporary Redirect"
2026-06-01 23:29:32,345 - httpx - INFO - HTTP Request: HEAD https://huggingface.co/api/resolve-cache/models/sentence-transformers/all-MiniLM-L6-v2/1110a243fdf4706b3f48f1d95db1a4f5529b4d41/modules.json "HTTP/1.1 200 OK"
2026-06-01 23:29:32,679 - httpx - INFO - HTTP Request: HEAD https://huggingface.co/sentence-transformers/all-MiniLM-L6-v2/resolve/main/config_sentence_transformers.json "HTTP/1.1 307 Temporary Redirect"
2026-06-01 23:29:33,505 - httpx - INFO - HTTP Request: HEAD https://huggingface.co/api/resolve-cache/models/sentence-transformers/all-MiniLM-L6-v2/1110a243fdf4706b3f48f1d95db1a4f5529b4d41/config_sentence_transformers.json "HTTP/1.1 200 OK"
2026-06-01 23:29:33,507 - sentence_transformers.base.model - INFO - Loading SentenceTransformer model from sentence-transformers/all-MiniLM-L6-v2.
2026-06-01 23:29:33,771 - httpx - INFO - HTTP Request: HEAD https://huggingface.co/sentence-transformers/all-MiniLM-L6-v2/resolve/main/config_sentence_transformers.json "HTTP/1.1 307 Temporary Redirect"
2026-06-01 23:29:33,872 - httpx - INFO - HTTP Request: HEAD https://huggingface.co/api/resolve-cache/models/sentence-transformers/all-MiniLM-L6-v2/1110a243fdf4706b3f48f1d95db1a4f5529b4d41/config_sentence_transformers.json "HTTP/1.1 200 OK"
2026-06-01 23:29:34,154 - httpx - INFO - HTTP Request: HEAD https://huggingface.co/sentence-transformers/all-MiniLM-L6-v2/resolve/main/README.md "HTTP/1.1 307 Temporary Redirect"
2026-06-01 23:29:34,228 - httpx - INFO - HTTP Request: HEAD https://huggingface.co/api/resolve-cache/models/sentence-transformers/all-MiniLM-L6-v2/1110a243fdf4706b3f48f1d95db1a4f5529b4d41/README.md "HTTP/1.1 200 OK"
2026-06-01 23:29:34,619 - httpx - INFO - HTTP Request: HEAD https://huggingface.co/sentence-transformers/all-MiniLM-L6-v2/resolve/main/modules.json "HTTP/1.1 307 Temporary Redirect"
2026-06-01 23:29:34,735 - httpx - INFO - HTTP Request: HEAD https://huggingface.co/api/resolve-cache/models/sentence-transformers/all-MiniLM-L6-v2/1110a243fdf4706b3f48f1d95db1a4f5529b4d41/modules.json "HTTP/1.1 200 OK"
2026-06-01 23:29:35,122 - httpx - INFO - HTTP Request: HEAD https://huggingface.co/sentence-transformers/all-MiniLM-L6-v2/resolve/main/sentence_bert_config.json "HTTP/1.1 307 Temporary Redirect"
2026-06-01 23:29:35,194 - httpx - INFO - HTTP Request: HEAD https://huggingface.co/api/resolve-cache/models/sentence-transformers/all-MiniLM-L6-v2/1110a243fdf4706b3f48f1d95db1a4f5529b4d41/sentence_bert_config.json "HTTP/1.1 200 OK"
2026-06-01 23:29:35,507 - httpx - INFO - HTTP Request: HEAD https://huggingface.co/sentence-transformers/all-MiniLM-L6-v2/resolve/main/adapter_config.json "HTTP/1.1 404 Not Found"
2026-06-01 23:29:35,838 - httpx - INFO - HTTP Request: HEAD https://huggingface.co/sentence-transformers/all-MiniLM-L6-v2/resolve/main/config.json "HTTP/1.1 307 Temporary Redirect"
2026-06-01 23:29:35,910 - httpx - INFO - HTTP Request: HEAD https://huggingface.co/api/resolve-cache/models/sentence-transformers/all-MiniLM-L6-v2/1110a243fdf4706b3f48f1d95db1a4f5529b4d41/config.json "HTTP/1.1 200 OK"
2026-06-01 23:29:36,330 - httpx - INFO - HTTP Request: HEAD https://huggingface.co/sentence-transformers/all-MiniLM-L6-v2/resolve/main/processor_config.json "HTTP/1.1 404 Not Found"
2026-06-01 23:29:36,862 - httpx - INFO - HTTP Request: HEAD https://huggingface.co/sentence-transformers/all-MiniLM-L6-v2/resolve/main/preprocessor_config.json "HTTP/1.1 404 Not Found"
2026-06-01 23:29:37,169 - httpx - INFO - HTTP Request: HEAD https://huggingface.co/sentence-transformers/all-MiniLM-L6-v2/resolve/main/video_preprocessor_config.json "HTTP/1.1 404 Not Found"
2026-06-01 23:29:37,476 - httpx - INFO - HTTP Request: HEAD https://huggingface.co/sentence-transformers/all-MiniLM-L6-v2/resolve/main/preprocessor_config.json "HTTP/1.1 404 Not Found"
2026-06-01 23:29:37,784 - httpx - INFO - HTTP Request: HEAD https://huggingface.co/sentence-transformers/all-MiniLM-L6-v2/resolve/main/tokenizer_config.json "HTTP/1.1 307 Temporary Redirect"
2026-06-01 23:29:37,861 - httpx - INFO - HTTP Request: HEAD https://huggingface.co/api/resolve-cache/models/sentence-transformers/all-MiniLM-L6-v2/1110a243fdf4706b3f48f1d95db1a4f5529b4d41/tokenizer_config.json "HTTP/1.1 200 OK"
2026-06-01 23:29:38,193 - httpx - INFO - HTTP Request: HEAD https://huggingface.co/sentence-transformers/all-MiniLM-L6-v2/resolve/main/config.json "HTTP/1.1 307 Temporary Redirect"
2026-06-01 23:29:38,270 - httpx - INFO - HTTP Request: HEAD https://huggingface.co/api/resolve-cache/models/sentence-transformers/all-MiniLM-L6-v2/1110a243fdf4706b3f48f1d95db1a4f5529b4d41/config.json "HTTP/1.1 200 OK"
2026-06-01 23:29:38,602 - httpx - INFO - HTTP Request: HEAD https://huggingface.co/sentence-transformers/all-MiniLM-L6-v2/resolve/main/config.json "HTTP/1.1 307 Temporary Redirect"
2026-06-01 23:29:38,695 - httpx - INFO - HTTP Request: HEAD https://huggingface.co/api/resolve-cache/models/sentence-transformers/all-MiniLM-L6-v2/1110a243fdf4706b3f48f1d95db1a4f5529b4d41/config.json "HTTP/1.1 200 OK"
2026-06-01 23:29:38,981 - httpx - INFO - HTTP Request: HEAD https://huggingface.co/sentence-transformers/all-MiniLM-L6-v2/resolve/main/tokenizer_config.json "HTTP/1.1 307 Temporary Redirect"
2026-06-01 23:29:39,063 - httpx - INFO - HTTP Request: HEAD https://huggingface.co/api/resolve-cache/models/sentence-transformers/all-MiniLM-L6-v2/1110a243fdf4706b3f48f1d95db1a4f5529b4d41/tokenizer_config.json "HTTP/1.1 200 OK"
2026-06-01 23:29:39,422 - httpx - INFO - HTTP Request: GET https://huggingface.co/api/models/sentence-transformers/all-MiniLM-L6-v2/tree/main/additional_chat_templates?recursive=false&expand=false "HTTP/1.1 404 Not Found"
2026-06-01 23:29:40,140 - httpx - INFO - HTTP Request: GET https://huggingface.co/api/models/sentence-transformers/all-MiniLM-L6-v2/tree/main?recursive=true&expand=false "HTTP/1.1 200 OK"
2026-06-01 23:29:40,469 - httpx - INFO - HTTP Request: HEAD https://huggingface.co/sentence-transformers/all-MiniLM-L6-v2/resolve/main/1_Pooling/config.json "HTTP/1.1 307 Temporary Redirect"
2026-06-01 23:29:40,531 - httpx - INFO - HTTP Request: HEAD https://huggingface.co/api/resolve-cache/models/sentence-transformers/all-MiniLM-L6-v2/1110a243fdf4706b3f48f1d95db1a4f5529b4d41/1_Pooling%2Fconfig.json "HTTP/1.1 200 OK"
2026-06-01 23:29:40,829 - httpx - INFO - HTTP Request: GET https://huggingface.co/api/models/sentence-transformers/all-MiniLM-L6-v2 "HTTP/1.1 200 OK"
2026-06-01 23:29:40,851 - httpx - INFO - HTTP Request: GET http://localhost:6333/collections/RECOLAB "HTTP/1.1 200 OK"
2026-06-01 23:29:40,857 - main - ERROR - Error initializing Server: SentenceTransformer.encode() has been called with additional keyword arguments that this model does not use: ['trust_remote_code']. As per SentenceTransformer.get_model_kwargs(), this model does not accept any additional keyword arguments.
2026-06-01 23:29:40,880 - uvicorn.error - ERROR - Traceback (most recent call last):
  File "d:\PROJECT\RE Colab\Curious-Bee-AI-Module\.venv\Lib\site-packages\starlette\routing.py", line 638, in lifespan
    async with self.lifespan_context(app) as maybe_state:
               ~~~~~~~~~~~~~~~~~~~~~^^^^^
  File "C:\Users\sinub\AppData\Roaming\uv\python\cpython-3.14-windows-x86_64-none\Lib\contextlib.py", line 214, in __aenter__
    return await anext(self.gen)
           ^^^^^^^^^^^^^^^^^^^^^
  File "d:\PROJECT\RE Colab\Curious-Bee-AI-Module\.venv\Lib\site-packages\fastapi\routing.py", line 216, in merged_lifespan
    async with original_context(app) as maybe_original_state:
               ~~~~~~~~~~~~~~~~^^^^^
  File "C:\Users\sinub\AppData\Roaming\uv\python\cpython-3.14-windows-x86_64-none\Lib\contextlib.py", line 214, in __aenter__
    return await anext(self.gen)
           ^^^^^^^^^^^^^^^^^^^^^
  File "d:\PROJECT\RE Colab\Curious-Bee-AI-Module\SINU\semantic search\app\main.py", line 78, in lifespan
    raise e
  File "d:\PROJECT\RE Colab\Curious-Bee-AI-Module\SINU\semantic search\app\main.py", line 58, in lifespan
    app.state.vector_store = QdrantVectorStore(
                             ~~~~~~~~~~~~~~~~~^
        client=app.state.client,
        ^^^^^^^^^^^^^^^^^^^^^^^^
        embedding=app.state.embedding_model,
        ^^^^^^^^^^^^^^^^^^^^^^^^^^^^^^^^^^^^
        collection_name=QDRANT_COLLECTION_NAME,
        ^^^^^^^^^^^^^^^^^^^^^^^^^^^^^^^^^^^^^^^
    )
    ^
  File "d:\PROJECT\RE Colab\Curious-Bee-AI-Module\.venv\Lib\site-packages\langchain_qdrant\qdrant.py", line 241, in __init__
    self._validate_collection_config(
    ~~~~~~~~~~~~~~~~~~~~~~~~~~~~~~~~^
        client,
        ^^^^^^^
    ...<5 lines>...
        embedding,
        ^^^^^^^^^^
    )
    ^
  File "d:\PROJECT\RE Colab\Curious-Bee-AI-Module\.venv\Lib\site-packages\langchain_qdrant\qdrant.py", line 1161, in _validate_collection_config
    cls._validate_collection_for_dense(
    ~~~~~~~~~~~~~~~~~~~~~~~~~~~~~~~~~~^
        client, collection_name, vector_name, distance, embedding
        ^^^^^^^^^^^^^^^^^^^^^^^^^^^^^^^^^^^^^^^^^^^^^^^^^^^^^^^^^
    )
    ^
  File "d:\PROJECT\RE Colab\Curious-Bee-AI-Module\.venv\Lib\site-packages\langchain_qdrant\qdrant.py", line 1223, in _validate_collection_for_dense
    vector_size = len(dense_embeddings.embed_documents(["dummy_text"])[0])
                      ~~~~~~~~~~~~~~~~~~~~~~~~~~~~~~~~^^^^^^^^^^^^^^^^
  File "d:\PROJECT\RE Colab\Curious-Bee-AI-Module\.venv\Lib\site-packages\langchain_huggingface\embeddings\huggingface.py", line 155, in embed_documents
    return self._embed(texts, self.encode_kwargs)
           ~~~~~~~~~~~^^^^^^^^^^^^^^^^^^^^^^^^^^^
  File "d:\PROJECT\RE Colab\Curious-Bee-AI-Module\.venv\Lib\site-packages\langchain_huggingface\embeddings\huggingface.py", line 130, in _embed
    embeddings = self._client.encode(
        texts,
        show_progress_bar=self.show_progress,
        **encode_kwargs,
    )
  File "d:\PROJECT\RE Colab\Curious-Bee-AI-Module\.venv\Lib\site-packages\torch\utils\_contextlib.py", line 124, in decorate_context
    return func(*args, **kwargs)
  File "d:\PROJECT\RE Colab\Curious-Bee-AI-Module\.venv\Lib\site-packages\sentence_transformers\util\decorators.py", line 41, in wrapper
    return func(*args, **kwargs)
  File "d:\PROJECT\RE Colab\Curious-Bee-AI-Module\.venv\Lib\site-packages\sentence_transformers\sentence_transformer\model.py", line 593, in encode
    raise ValueError(
    ...<6 lines>...
    )
ValueError: SentenceTransformer.encode() has been called with additional keyword arguments that this model does not use: ['trust_remote_code']. As per SentenceTransformer.get_model_kwargs(), this model does not accept any additional keyword arguments.

2026-06-01 23:29:40,881 - uvicorn.error - ERROR - Application startup failed. Exiting.
2026-06-01 23:29:48,115 - uvicorn.error - INFO - Started server process [59824]
2026-06-01 23:29:48,116 - uvicorn.error - INFO - Waiting for application startup.
2026-06-01 23:29:48,178 - httpx - INFO - HTTP Request: GET http://localhost:6333 "HTTP/1.1 200 OK"
2026-06-01 23:29:48,178 - httpx - INFO - HTTP Request: GET http://localhost:6333/collections "HTTP/1.1 200 OK"
2026-06-01 23:29:52,017 - httpx - INFO - HTTP Request: HEAD https://huggingface.co/sentence-transformers/all-MiniLM-L6-v2/resolve/main/modules.json "HTTP/1.1 307 Temporary Redirect"
2026-06-01 23:29:52,075 - httpx - INFO - HTTP Request: HEAD https://huggingface.co/api/resolve-cache/models/sentence-transformers/all-MiniLM-L6-v2/1110a243fdf4706b3f48f1d95db1a4f5529b4d41/modules.json "HTTP/1.1 200 OK"
2026-06-01 23:29:52,429 - httpx - INFO - HTTP Request: HEAD https://huggingface.co/sentence-transformers/all-MiniLM-L6-v2/resolve/main/config_sentence_transformers.json "HTTP/1.1 307 Temporary Redirect"
2026-06-01 23:29:52,520 - httpx - INFO - HTTP Request: HEAD https://huggingface.co/api/resolve-cache/models/sentence-transformers/all-MiniLM-L6-v2/1110a243fdf4706b3f48f1d95db1a4f5529b4d41/config_sentence_transformers.json "HTTP/1.1 200 OK"
2026-06-01 23:29:52,523 - sentence_transformers.base.model - INFO - Loading SentenceTransformer model from sentence-transformers/all-MiniLM-L6-v2.
2026-06-01 23:29:52,817 - httpx - INFO - HTTP Request: HEAD https://huggingface.co/sentence-transformers/all-MiniLM-L6-v2/resolve/main/config_sentence_transformers.json "HTTP/1.1 307 Temporary Redirect"
2026-06-01 23:29:52,887 - httpx - INFO - HTTP Request: HEAD https://huggingface.co/api/resolve-cache/models/sentence-transformers/all-MiniLM-L6-v2/1110a243fdf4706b3f48f1d95db1a4f5529b4d41/config_sentence_transformers.json "HTTP/1.1 200 OK"
2026-06-01 23:29:53,251 - httpx - INFO - HTTP Request: HEAD https://huggingface.co/sentence-transformers/all-MiniLM-L6-v2/resolve/main/README.md "HTTP/1.1 307 Temporary Redirect"
2026-06-01 23:29:53,327 - httpx - INFO - HTTP Request: HEAD https://huggingface.co/api/resolve-cache/models/sentence-transformers/all-MiniLM-L6-v2/1110a243fdf4706b3f48f1d95db1a4f5529b4d41/README.md "HTTP/1.1 200 OK"
2026-06-01 23:29:53,758 - httpx - INFO - HTTP Request: HEAD https://huggingface.co/sentence-transformers/all-MiniLM-L6-v2/resolve/main/modules.json "HTTP/1.1 307 Temporary Redirect"
2026-06-01 23:29:53,846 - httpx - INFO - HTTP Request: HEAD https://huggingface.co/api/resolve-cache/models/sentence-transformers/all-MiniLM-L6-v2/1110a243fdf4706b3f48f1d95db1a4f5529b4d41/modules.json "HTTP/1.1 200 OK"
2026-06-01 23:29:54,139 - httpx - INFO - HTTP Request: HEAD https://huggingface.co/sentence-transformers/all-MiniLM-L6-v2/resolve/main/sentence_bert_config.json "HTTP/1.1 307 Temporary Redirect"
2026-06-01 23:29:54,213 - httpx - INFO - HTTP Request: HEAD https://huggingface.co/api/resolve-cache/models/sentence-transformers/all-MiniLM-L6-v2/1110a243fdf4706b3f48f1d95db1a4f5529b4d41/sentence_bert_config.json "HTTP/1.1 200 OK"
2026-06-01 23:29:54,577 - httpx - INFO - HTTP Request: HEAD https://huggingface.co/sentence-transformers/all-MiniLM-L6-v2/resolve/main/adapter_config.json "HTTP/1.1 404 Not Found"
2026-06-01 23:29:54,987 - httpx - INFO - HTTP Request: HEAD https://huggingface.co/sentence-transformers/all-MiniLM-L6-v2/resolve/main/config.json "HTTP/1.1 307 Temporary Redirect"
2026-06-01 23:29:55,090 - httpx - INFO - HTTP Request: HEAD https://huggingface.co/api/resolve-cache/models/sentence-transformers/all-MiniLM-L6-v2/1110a243fdf4706b3f48f1d95db1a4f5529b4d41/config.json "HTTP/1.1 200 OK"
2026-06-01 23:29:55,548 - httpx - INFO - HTTP Request: HEAD https://huggingface.co/sentence-transformers/all-MiniLM-L6-v2/resolve/main/processor_config.json "HTTP/1.1 404 Not Found"
2026-06-01 23:29:55,908 - httpx - INFO - HTTP Request: HEAD https://huggingface.co/sentence-transformers/all-MiniLM-L6-v2/resolve/main/preprocessor_config.json "HTTP/1.1 404 Not Found"
2026-06-01 23:29:56,319 - httpx - INFO - HTTP Request: HEAD https://huggingface.co/sentence-transformers/all-MiniLM-L6-v2/resolve/main/video_preprocessor_config.json "HTTP/1.1 404 Not Found"
2026-06-01 23:29:56,625 - httpx - INFO - HTTP Request: HEAD https://huggingface.co/sentence-transformers/all-MiniLM-L6-v2/resolve/main/preprocessor_config.json "HTTP/1.1 404 Not Found"
2026-06-01 23:29:56,938 - httpx - INFO - HTTP Request: HEAD https://huggingface.co/sentence-transformers/all-MiniLM-L6-v2/resolve/main/tokenizer_config.json "HTTP/1.1 307 Temporary Redirect"
2026-06-01 23:29:57,026 - httpx - INFO - HTTP Request: HEAD https://huggingface.co/api/resolve-cache/models/sentence-transformers/all-MiniLM-L6-v2/1110a243fdf4706b3f48f1d95db1a4f5529b4d41/tokenizer_config.json "HTTP/1.1 200 OK"
2026-06-01 23:29:57,313 - httpx - INFO - HTTP Request: HEAD https://huggingface.co/sentence-transformers/all-MiniLM-L6-v2/resolve/main/config.json "HTTP/1.1 307 Temporary Redirect"
2026-06-01 23:29:57,376 - httpx - INFO - HTTP Request: HEAD https://huggingface.co/api/resolve-cache/models/sentence-transformers/all-MiniLM-L6-v2/1110a243fdf4706b3f48f1d95db1a4f5529b4d41/config.json "HTTP/1.1 200 OK"
2026-06-01 23:29:57,751 - httpx - INFO - HTTP Request: HEAD https://huggingface.co/sentence-transformers/all-MiniLM-L6-v2/resolve/main/config.json "HTTP/1.1 307 Temporary Redirect"
2026-06-01 23:29:57,831 - httpx - INFO - HTTP Request: HEAD https://huggingface.co/api/resolve-cache/models/sentence-transformers/all-MiniLM-L6-v2/1110a243fdf4706b3f48f1d95db1a4f5529b4d41/config.json "HTTP/1.1 200 OK"
2026-06-01 23:29:58,160 - httpx - INFO - HTTP Request: HEAD https://huggingface.co/sentence-transformers/all-MiniLM-L6-v2/resolve/main/tokenizer_config.json "HTTP/1.1 307 Temporary Redirect"
2026-06-01 23:29:58,237 - httpx - INFO - HTTP Request: HEAD https://huggingface.co/api/resolve-cache/models/sentence-transformers/all-MiniLM-L6-v2/1110a243fdf4706b3f48f1d95db1a4f5529b4d41/tokenizer_config.json "HTTP/1.1 200 OK"
2026-06-01 23:29:58,571 - httpx - INFO - HTTP Request: GET https://huggingface.co/api/models/sentence-transformers/all-MiniLM-L6-v2/tree/main/additional_chat_templates?recursive=false&expand=false "HTTP/1.1 404 Not Found"
2026-06-01 23:29:58,879 - httpx - INFO - HTTP Request: GET https://huggingface.co/api/models/sentence-transformers/all-MiniLM-L6-v2/tree/main?recursive=true&expand=false "HTTP/1.1 200 OK"
2026-06-01 23:29:59,207 - httpx - INFO - HTTP Request: HEAD https://huggingface.co/sentence-transformers/all-MiniLM-L6-v2/resolve/main/1_Pooling/config.json "HTTP/1.1 307 Temporary Redirect"
2026-06-01 23:29:59,275 - httpx - INFO - HTTP Request: HEAD https://huggingface.co/api/resolve-cache/models/sentence-transformers/all-MiniLM-L6-v2/1110a243fdf4706b3f48f1d95db1a4f5529b4d41/1_Pooling%2Fconfig.json "HTTP/1.1 200 OK"
2026-06-01 23:29:59,584 - httpx - INFO - HTTP Request: GET https://huggingface.co/api/models/sentence-transformers/all-MiniLM-L6-v2 "HTTP/1.1 200 OK"
2026-06-01 23:29:59,621 - httpx - INFO - HTTP Request: GET http://localhost:6333/collections/RECOLAB "HTTP/1.1 200 OK"
2026-06-01 23:29:59,624 - main - ERROR - Error initializing Server: SentenceTransformer.encode() has been called with additional keyword arguments that this model does not use: ['trust_remote_code']. As per SentenceTransformer.get_model_kwargs(), this model does not accept any additional keyword arguments.
2026-06-01 23:29:59,632 - uvicorn.error - ERROR - Traceback (most recent call last):
  File "d:\PROJECT\RE Colab\Curious-Bee-AI-Module\.venv\Lib\site-packages\starlette\routing.py", line 638, in lifespan
    async with self.lifespan_context(app) as maybe_state:
               ~~~~~~~~~~~~~~~~~~~~~^^^^^
  File "C:\Users\sinub\AppData\Roaming\uv\python\cpython-3.14-windows-x86_64-none\Lib\contextlib.py", line 214, in __aenter__
    return await anext(self.gen)
           ^^^^^^^^^^^^^^^^^^^^^
  File "d:\PROJECT\RE Colab\Curious-Bee-AI-Module\.venv\Lib\site-packages\fastapi\routing.py", line 216, in merged_lifespan
    async with original_context(app) as maybe_original_state:
               ~~~~~~~~~~~~~~~~^^^^^
  File "C:\Users\sinub\AppData\Roaming\uv\python\cpython-3.14-windows-x86_64-none\Lib\contextlib.py", line 214, in __aenter__
    return await anext(self.gen)
           ^^^^^^^^^^^^^^^^^^^^^
  File "d:\PROJECT\RE Colab\Curious-Bee-AI-Module\SINU\semantic search\app\main.py", line 78, in lifespan
    raise e
  File "d:\PROJECT\RE Colab\Curious-Bee-AI-Module\SINU\semantic search\app\main.py", line 58, in lifespan
    app.state.vector_store = QdrantVectorStore(
                             ~~~~~~~~~~~~~~~~~^
        client=app.state.client,
        ^^^^^^^^^^^^^^^^^^^^^^^^
        embedding=app.state.embedding_model,
        ^^^^^^^^^^^^^^^^^^^^^^^^^^^^^^^^^^^^
        collection_name=QDRANT_COLLECTION_NAME,
        ^^^^^^^^^^^^^^^^^^^^^^^^^^^^^^^^^^^^^^^
    )
    ^
  File "d:\PROJECT\RE Colab\Curious-Bee-AI-Module\.venv\Lib\site-packages\langchain_qdrant\qdrant.py", line 241, in __init__
    self._validate_collection_config(
    ~~~~~~~~~~~~~~~~~~~~~~~~~~~~~~~~^
        client,
        ^^^^^^^
    ...<5 lines>...
        embedding,
        ^^^^^^^^^^
    )
    ^
  File "d:\PROJECT\RE Colab\Curious-Bee-AI-Module\.venv\Lib\site-packages\langchain_qdrant\qdrant.py", line 1161, in _validate_collection_config
    cls._validate_collection_for_dense(
    ~~~~~~~~~~~~~~~~~~~~~~~~~~~~~~~~~~^
        client, collection_name, vector_name, distance, embedding
        ^^^^^^^^^^^^^^^^^^^^^^^^^^^^^^^^^^^^^^^^^^^^^^^^^^^^^^^^^
    )
    ^
  File "d:\PROJECT\RE Colab\Curious-Bee-AI-Module\.venv\Lib\site-packages\langchain_qdrant\qdrant.py", line 1223, in _validate_collection_for_dense
    vector_size = len(dense_embeddings.embed_documents(["dummy_text"])[0])
                      ~~~~~~~~~~~~~~~~~~~~~~~~~~~~~~~~^^^^^^^^^^^^^^^^
  File "d:\PROJECT\RE Colab\Curious-Bee-AI-Module\.venv\Lib\site-packages\langchain_huggingface\embeddings\huggingface.py", line 155, in embed_documents
    return self._embed(texts, self.encode_kwargs)
           ~~~~~~~~~~~^^^^^^^^^^^^^^^^^^^^^^^^^^^
  File "d:\PROJECT\RE Colab\Curious-Bee-AI-Module\.venv\Lib\site-packages\langchain_huggingface\embeddings\huggingface.py", line 130, in _embed
    embeddings = self._client.encode(
        texts,
        show_progress_bar=self.show_progress,
        **encode_kwargs,
    )
  File "d:\PROJECT\RE Colab\Curious-Bee-AI-Module\.venv\Lib\site-packages\torch\utils\_contextlib.py", line 124, in decorate_context
    return func(*args, **kwargs)
  File "d:\PROJECT\RE Colab\Curious-Bee-AI-Module\.venv\Lib\site-packages\sentence_transformers\util\decorators.py", line 41, in wrapper
    return func(*args, **kwargs)
  File "d:\PROJECT\RE Colab\Curious-Bee-AI-Module\.venv\Lib\site-packages\sentence_transformers\sentence_transformer\model.py", line 593, in encode
    raise ValueError(
    ...<6 lines>...
    )
ValueError: SentenceTransformer.encode() has been called with additional keyword arguments that this model does not use: ['trust_remote_code']. As per SentenceTransformer.get_model_kwargs(), this model does not accept any additional keyword arguments.

2026-06-01 23:29:59,633 - uvicorn.error - ERROR - Application startup failed. Exiting.
2026-06-01 23:30:56,790 - uvicorn.error - WARNING - StatReload detected changes in 'SINU\semantic search\app\main.py'. Reloading...
2026-06-01 23:31:03,345 - uvicorn.error - INFO - Started server process [58384]
2026-06-01 23:31:03,346 - uvicorn.error - INFO - Waiting for application startup.
2026-06-01 23:31:03,422 - httpx - INFO - HTTP Request: GET http://localhost:6333/collections "HTTP/1.1 200 OK"
2026-06-01 23:31:03,423 - httpx - INFO - HTTP Request: GET http://localhost:6333 "HTTP/1.1 200 OK"
2026-06-01 23:31:07,258 - httpx - INFO - HTTP Request: HEAD https://huggingface.co/sentence-transformers/all-MiniLM-L6-v2/resolve/main/modules.json "HTTP/1.1 307 Temporary Redirect"
2026-06-01 23:31:07,573 - httpx - INFO - HTTP Request: HEAD https://huggingface.co/api/resolve-cache/models/sentence-transformers/all-MiniLM-L6-v2/1110a243fdf4706b3f48f1d95db1a4f5529b4d41/modules.json "HTTP/1.1 200 OK"
2026-06-01 23:31:07,895 - httpx - INFO - HTTP Request: HEAD https://huggingface.co/sentence-transformers/all-MiniLM-L6-v2/resolve/main/config_sentence_transformers.json "HTTP/1.1 307 Temporary Redirect"
2026-06-01 23:31:07,949 - httpx - INFO - HTTP Request: HEAD https://huggingface.co/api/resolve-cache/models/sentence-transformers/all-MiniLM-L6-v2/1110a243fdf4706b3f48f1d95db1a4f5529b4d41/config_sentence_transformers.json "HTTP/1.1 200 OK"
2026-06-01 23:31:07,951 - sentence_transformers.base.model - INFO - Loading SentenceTransformer model from sentence-transformers/all-MiniLM-L6-v2.
2026-06-01 23:31:08,304 - httpx - INFO - HTTP Request: HEAD https://huggingface.co/sentence-transformers/all-MiniLM-L6-v2/resolve/main/config_sentence_transformers.json "HTTP/1.1 307 Temporary Redirect"
2026-06-01 23:31:08,358 - httpx - INFO - HTTP Request: HEAD https://huggingface.co/api/resolve-cache/models/sentence-transformers/all-MiniLM-L6-v2/1110a243fdf4706b3f48f1d95db1a4f5529b4d41/config_sentence_transformers.json "HTTP/1.1 200 OK"
2026-06-01 23:31:08,714 - httpx - INFO - HTTP Request: HEAD https://huggingface.co/sentence-transformers/all-MiniLM-L6-v2/resolve/main/README.md "HTTP/1.1 307 Temporary Redirect"
2026-06-01 23:31:08,780 - httpx - INFO - HTTP Request: HEAD https://huggingface.co/api/resolve-cache/models/sentence-transformers/all-MiniLM-L6-v2/1110a243fdf4706b3f48f1d95db1a4f5529b4d41/README.md "HTTP/1.1 200 OK"
2026-06-01 23:31:09,123 - httpx - INFO - HTTP Request: HEAD https://huggingface.co/sentence-transformers/all-MiniLM-L6-v2/resolve/main/modules.json "HTTP/1.1 307 Temporary Redirect"
2026-06-01 23:31:09,177 - httpx - INFO - HTTP Request: HEAD https://huggingface.co/api/resolve-cache/models/sentence-transformers/all-MiniLM-L6-v2/1110a243fdf4706b3f48f1d95db1a4f5529b4d41/modules.json "HTTP/1.1 200 OK"
2026-06-01 23:31:09,449 - httpx - INFO - HTTP Request: HEAD https://huggingface.co/sentence-transformers/all-MiniLM-L6-v2/resolve/main/sentence_bert_config.json "HTTP/1.1 307 Temporary Redirect"
2026-06-01 23:31:09,501 - httpx - INFO - HTTP Request: HEAD https://huggingface.co/api/resolve-cache/models/sentence-transformers/all-MiniLM-L6-v2/1110a243fdf4706b3f48f1d95db1a4f5529b4d41/sentence_bert_config.json "HTTP/1.1 200 OK"
2026-06-01 23:31:09,842 - httpx - INFO - HTTP Request: HEAD https://huggingface.co/sentence-transformers/all-MiniLM-L6-v2/resolve/main/adapter_config.json "HTTP/1.1 404 Not Found"
2026-06-01 23:31:10,129 - httpx - INFO - HTTP Request: HEAD https://huggingface.co/sentence-transformers/all-MiniLM-L6-v2/resolve/main/config.json "HTTP/1.1 307 Temporary Redirect"
2026-06-01 23:31:10,250 - httpx - INFO - HTTP Request: HEAD https://huggingface.co/api/resolve-cache/models/sentence-transformers/all-MiniLM-L6-v2/1110a243fdf4706b3f48f1d95db1a4f5529b4d41/config.json "HTTP/1.1 200 OK"
2026-06-01 23:31:10,665 - httpx - INFO - HTTP Request: HEAD https://huggingface.co/sentence-transformers/all-MiniLM-L6-v2/resolve/main/processor_config.json "HTTP/1.1 404 Not Found"
2026-06-01 23:31:10,940 - httpx - INFO - HTTP Request: HEAD https://huggingface.co/sentence-transformers/all-MiniLM-L6-v2/resolve/main/preprocessor_config.json "HTTP/1.1 404 Not Found"
2026-06-01 23:31:11,224 - httpx - INFO - HTTP Request: HEAD https://huggingface.co/sentence-transformers/all-MiniLM-L6-v2/resolve/main/video_preprocessor_config.json "HTTP/1.1 404 Not Found"
2026-06-01 23:31:11,533 - httpx - INFO - HTTP Request: HEAD https://huggingface.co/sentence-transformers/all-MiniLM-L6-v2/resolve/main/preprocessor_config.json "HTTP/1.1 404 Not Found"
2026-06-01 23:31:11,893 - httpx - INFO - HTTP Request: HEAD https://huggingface.co/sentence-transformers/all-MiniLM-L6-v2/resolve/main/tokenizer_config.json "HTTP/1.1 307 Temporary Redirect"
2026-06-01 23:31:11,960 - httpx - INFO - HTTP Request: HEAD https://huggingface.co/api/resolve-cache/models/sentence-transformers/all-MiniLM-L6-v2/1110a243fdf4706b3f48f1d95db1a4f5529b4d41/tokenizer_config.json "HTTP/1.1 200 OK"
2026-06-01 23:31:12,298 - httpx - INFO - HTTP Request: HEAD https://huggingface.co/sentence-transformers/all-MiniLM-L6-v2/resolve/main/config.json "HTTP/1.1 307 Temporary Redirect"
2026-06-01 23:31:12,376 - httpx - INFO - HTTP Request: HEAD https://huggingface.co/api/resolve-cache/models/sentence-transformers/all-MiniLM-L6-v2/1110a243fdf4706b3f48f1d95db1a4f5529b4d41/config.json "HTTP/1.1 200 OK"
2026-06-01 23:31:12,715 - httpx - INFO - HTTP Request: HEAD https://huggingface.co/sentence-transformers/all-MiniLM-L6-v2/resolve/main/config.json "HTTP/1.1 307 Temporary Redirect"
2026-06-01 23:31:12,785 - httpx - INFO - HTTP Request: HEAD https://huggingface.co/api/resolve-cache/models/sentence-transformers/all-MiniLM-L6-v2/1110a243fdf4706b3f48f1d95db1a4f5529b4d41/config.json "HTTP/1.1 200 OK"
2026-06-01 23:31:13,119 - httpx - INFO - HTTP Request: HEAD https://huggingface.co/sentence-transformers/all-MiniLM-L6-v2/resolve/main/tokenizer_config.json "HTTP/1.1 307 Temporary Redirect"
2026-06-01 23:31:13,175 - httpx - INFO - HTTP Request: HEAD https://huggingface.co/api/resolve-cache/models/sentence-transformers/all-MiniLM-L6-v2/1110a243fdf4706b3f48f1d95db1a4f5529b4d41/tokenizer_config.json "HTTP/1.1 200 OK"
2026-06-01 23:31:13,445 - httpx - INFO - HTTP Request: GET https://huggingface.co/api/models/sentence-transformers/all-MiniLM-L6-v2/tree/main/additional_chat_templates?recursive=false&expand=false "HTTP/1.1 404 Not Found"
2026-06-01 23:31:15,144 - httpx - INFO - HTTP Request: GET https://huggingface.co/api/models/sentence-transformers/all-MiniLM-L6-v2/tree/main?recursive=true&expand=false "HTTP/1.1 200 OK"
2026-06-01 23:31:15,618 - httpx - INFO - HTTP Request: HEAD https://huggingface.co/sentence-transformers/all-MiniLM-L6-v2/resolve/main/1_Pooling/config.json "HTTP/1.1 307 Temporary Redirect"
2026-06-01 23:31:16,178 - httpx - INFO - HTTP Request: HEAD https://huggingface.co/api/resolve-cache/models/sentence-transformers/all-MiniLM-L6-v2/1110a243fdf4706b3f48f1d95db1a4f5529b4d41/1_Pooling%2Fconfig.json "HTTP/1.1 200 OK"
2026-06-01 23:31:16,630 - httpx - INFO - HTTP Request: GET https://huggingface.co/api/models/sentence-transformers/all-MiniLM-L6-v2 "HTTP/1.1 200 OK"
2026-06-01 23:31:16,689 - httpx - INFO - HTTP Request: GET http://localhost:6333/collections/RECOLAB "HTTP/1.1 200 OK"
2026-06-01 23:31:16,731 - main - ERROR - Error initializing Server: Existing Qdrant collection is configured for dense vectors with 768 dimensions. Selected embeddings are 384-dimensional. If you want to recreate the collection, set `force_recreate` parameter to `True`.
2026-06-01 23:31:16,738 - uvicorn.error - ERROR - Traceback (most recent call last):
  File "d:\PROJECT\RE Colab\Curious-Bee-AI-Module\.venv\Lib\site-packages\starlette\routing.py", line 638, in lifespan
    async with self.lifespan_context(app) as maybe_state:
               ~~~~~~~~~~~~~~~~~~~~~^^^^^
  File "C:\Users\sinub\AppData\Roaming\uv\python\cpython-3.14-windows-x86_64-none\Lib\contextlib.py", line 214, in __aenter__
    return await anext(self.gen)
           ^^^^^^^^^^^^^^^^^^^^^
  File "d:\PROJECT\RE Colab\Curious-Bee-AI-Module\.venv\Lib\site-packages\fastapi\routing.py", line 216, in merged_lifespan
    async with original_context(app) as maybe_original_state:
               ~~~~~~~~~~~~~~~~^^^^^
  File "C:\Users\sinub\AppData\Roaming\uv\python\cpython-3.14-windows-x86_64-none\Lib\contextlib.py", line 214, in __aenter__
    return await anext(self.gen)
           ^^^^^^^^^^^^^^^^^^^^^
  File "d:\PROJECT\RE Colab\Curious-Bee-AI-Module\SINU\semantic search\app\main.py", line 77, in lifespan
    logger.error(f"Error initializing Server: {e}")
    ^^^^^^^
  File "d:\PROJECT\RE Colab\Curious-Bee-AI-Module\SINU\semantic search\app\main.py", line 57, in lifespan
    # Initialize once at startup — not per-request
                             ^^^^^^^^^^^^^^^^^^^^^
    ...<3 lines>...
        collection_name=QDRANT_COLLECTION_NAME,
    
  File "d:\PROJECT\RE Colab\Curious-Bee-AI-Module\.venv\Lib\site-packages\langchain_qdrant\qdrant.py", line 241, in __init__
    self._validate_collection_config(
    ~~~~~~~~~~~~~~~~~~~~~~~~~~~~~~~~^
        client,
        ^^^^^^^
    ...<5 lines>...
        embedding,
        ^^^^^^^^^^
    )
    ^
  File "d:\PROJECT\RE Colab\Curious-Bee-AI-Module\.venv\Lib\site-packages\langchain_qdrant\qdrant.py", line 1161, in _validate_collection_config
    cls._validate_collection_for_dense(
    ~~~~~~~~~~~~~~~~~~~~~~~~~~~~~~~~~~^
        client, collection_name, vector_name, distance, embedding
        ^^^^^^^^^^^^^^^^^^^^^^^^^^^^^^^^^^^^^^^^^^^^^^^^^^^^^^^^^
    )
    ^
  File "d:\PROJECT\RE Colab\Curious-Bee-AI-Module\.venv\Lib\site-packages\langchain_qdrant\qdrant.py", line 1238, in _validate_collection_for_dense
    raise QdrantVectorStoreError(msg)
langchain_qdrant.qdrant.QdrantVectorStoreError: Existing Qdrant collection is configured for dense vectors with 768 dimensions. Selected embeddings are 384-dimensional. If you want to recreate the collection, set `force_recreate` parameter to `True`.

2026-06-01 23:31:16,740 - uvicorn.error - ERROR - Application startup failed. Exiting.
2026-06-01 23:31:17,431 - uvicorn.error - WARNING - StatReload detected changes in 'SINU\semantic search\app\main.py'. Reloading...
2026-06-01 23:31:24,327 - uvicorn.error - WARNING - StatReload detected changes in 'SINU\semantic search\app\main.py'. Reloading...
2026-06-01 23:31:32,212 - uvicorn.error - WARNING - StatReload detected changes in 'SINU\semantic search\app\main.py'. Reloading...
2026-06-01 23:31:38,687 - uvicorn.error - INFO - Started server process [35724]
2026-06-01 23:31:38,687 - uvicorn.error - INFO - Waiting for application startup.
2026-06-01 23:31:38,726 - httpx - INFO - HTTP Request: GET http://localhost:6333/collections "HTTP/1.1 200 OK"
2026-06-01 23:31:38,748 - httpx - INFO - HTTP Request: GET http://localhost:6333 "HTTP/1.1 200 OK"
2026-06-01 23:31:42,276 - httpx - INFO - HTTP Request: HEAD https://huggingface.co/sentence-transformers/all-MiniLM-L6-v2/resolve/main/modules.json "HTTP/1.1 307 Temporary Redirect"
2026-06-01 23:31:42,334 - httpx - INFO - HTTP Request: HEAD https://huggingface.co/api/resolve-cache/models/sentence-transformers/all-MiniLM-L6-v2/1110a243fdf4706b3f48f1d95db1a4f5529b4d41/modules.json "HTTP/1.1 200 OK"
2026-06-01 23:31:42,711 - httpx - INFO - HTTP Request: HEAD https://huggingface.co/sentence-transformers/all-MiniLM-L6-v2/resolve/main/config_sentence_transformers.json "HTTP/1.1 307 Temporary Redirect"
2026-06-01 23:31:42,779 - httpx - INFO - HTTP Request: HEAD https://huggingface.co/api/resolve-cache/models/sentence-transformers/all-MiniLM-L6-v2/1110a243fdf4706b3f48f1d95db1a4f5529b4d41/config_sentence_transformers.json "HTTP/1.1 200 OK"
2026-06-01 23:31:42,782 - sentence_transformers.base.model - INFO - Loading SentenceTransformer model from sentence-transformers/all-MiniLM-L6-v2.
2026-06-01 23:31:43,122 - httpx - INFO - HTTP Request: HEAD https://huggingface.co/sentence-transformers/all-MiniLM-L6-v2/resolve/main/config_sentence_transformers.json "HTTP/1.1 307 Temporary Redirect"
2026-06-01 23:31:43,194 - httpx - INFO - HTTP Request: HEAD https://huggingface.co/api/resolve-cache/models/sentence-transformers/all-MiniLM-L6-v2/1110a243fdf4706b3f48f1d95db1a4f5529b4d41/config_sentence_transformers.json "HTTP/1.1 200 OK"
2026-06-01 23:31:43,480 - httpx - INFO - HTTP Request: HEAD https://huggingface.co/sentence-transformers/all-MiniLM-L6-v2/resolve/main/README.md "HTTP/1.1 307 Temporary Redirect"
2026-06-01 23:31:43,550 - httpx - INFO - HTTP Request: HEAD https://huggingface.co/api/resolve-cache/models/sentence-transformers/all-MiniLM-L6-v2/1110a243fdf4706b3f48f1d95db1a4f5529b4d41/README.md "HTTP/1.1 200 OK"
2026-06-01 23:31:43,838 - httpx - INFO - HTTP Request: HEAD https://huggingface.co/sentence-transformers/all-MiniLM-L6-v2/resolve/main/modules.json "HTTP/1.1 307 Temporary Redirect"
2026-06-01 23:31:43,919 - httpx - INFO - HTTP Request: HEAD https://huggingface.co/api/resolve-cache/models/sentence-transformers/all-MiniLM-L6-v2/1110a243fdf4706b3f48f1d95db1a4f5529b4d41/modules.json "HTTP/1.1 200 OK"
2026-06-01 23:31:45,218 - httpx - INFO - HTTP Request: HEAD https://huggingface.co/sentence-transformers/all-MiniLM-L6-v2/resolve/main/sentence_bert_config.json "HTTP/1.1 307 Temporary Redirect"
2026-06-01 23:31:45,493 - httpx - INFO - HTTP Request: HEAD https://huggingface.co/api/resolve-cache/models/sentence-transformers/all-MiniLM-L6-v2/1110a243fdf4706b3f48f1d95db1a4f5529b4d41/sentence_bert_config.json "HTTP/1.1 200 OK"
2026-06-01 23:31:46,157 - httpx - INFO - HTTP Request: HEAD https://huggingface.co/sentence-transformers/all-MiniLM-L6-v2/resolve/main/adapter_config.json "HTTP/1.1 404 Not Found"
2026-06-01 23:31:46,606 - httpx - INFO - HTTP Request: HEAD https://huggingface.co/sentence-transformers/all-MiniLM-L6-v2/resolve/main/config.json "HTTP/1.1 307 Temporary Redirect"
2026-06-01 23:31:46,657 - httpx - INFO - HTTP Request: HEAD https://huggingface.co/api/resolve-cache/models/sentence-transformers/all-MiniLM-L6-v2/1110a243fdf4706b3f48f1d95db1a4f5529b4d41/config.json "HTTP/1.1 200 OK"
2026-06-01 23:31:47,732 - httpx - INFO - HTTP Request: HEAD https://huggingface.co/sentence-transformers/all-MiniLM-L6-v2/resolve/main/processor_config.json "HTTP/1.1 404 Not Found"
2026-06-01 23:31:48,199 - uvicorn.error - WARNING - StatReload detected changes in 'SINU\semantic search\app\main.py'. Reloading...
2026-06-01 23:31:48,324 - httpx - INFO - HTTP Request: HEAD https://huggingface.co/sentence-transformers/all-MiniLM-L6-v2/resolve/main/preprocessor_config.json "HTTP/1.1 404 Not Found"
2026-06-01 23:31:48,918 - httpx - INFO - HTTP Request: HEAD https://huggingface.co/sentence-transformers/all-MiniLM-L6-v2/resolve/main/video_preprocessor_config.json "HTTP/1.1 404 Not Found"
2026-06-01 23:31:49,778 - httpx - INFO - HTTP Request: HEAD https://huggingface.co/sentence-transformers/all-MiniLM-L6-v2/resolve/main/preprocessor_config.json "HTTP/1.1 404 Not Found"
2026-06-01 23:31:51,062 - httpx - INFO - HTTP Request: HEAD https://huggingface.co/sentence-transformers/all-MiniLM-L6-v2/resolve/main/tokenizer_config.json "HTTP/1.1 307 Temporary Redirect"
2026-06-01 23:31:52,052 - httpx - INFO - HTTP Request: HEAD https://huggingface.co/api/resolve-cache/models/sentence-transformers/all-MiniLM-L6-v2/1110a243fdf4706b3f48f1d95db1a4f5529b4d41/tokenizer_config.json "HTTP/1.1 200 OK"
2026-06-01 23:31:53,477 - httpx - INFO - HTTP Request: HEAD https://huggingface.co/sentence-transformers/all-MiniLM-L6-v2/resolve/main/config.json "HTTP/1.1 307 Temporary Redirect"
2026-06-01 23:31:54,950 - httpx - INFO - HTTP Request: HEAD https://huggingface.co/api/resolve-cache/models/sentence-transformers/all-MiniLM-L6-v2/1110a243fdf4706b3f48f1d95db1a4f5529b4d41/config.json "HTTP/1.1 200 OK"
2026-06-01 23:31:56,710 - httpx - INFO - HTTP Request: HEAD https://huggingface.co/sentence-transformers/all-MiniLM-L6-v2/resolve/main/config.json "HTTP/1.1 307 Temporary Redirect"
2026-06-01 23:31:58,083 - httpx - INFO - HTTP Request: HEAD https://huggingface.co/api/resolve-cache/models/sentence-transformers/all-MiniLM-L6-v2/1110a243fdf4706b3f48f1d95db1a4f5529b4d41/config.json "HTTP/1.1 200 OK"
2026-06-01 23:31:59,565 - httpx - INFO - HTTP Request: HEAD https://huggingface.co/sentence-transformers/all-MiniLM-L6-v2/resolve/main/tokenizer_config.json "HTTP/1.1 307 Temporary Redirect"
2026-06-01 23:32:01,497 - httpx - INFO - HTTP Request: HEAD https://huggingface.co/api/resolve-cache/models/sentence-transformers/all-MiniLM-L6-v2/1110a243fdf4706b3f48f1d95db1a4f5529b4d41/tokenizer_config.json "HTTP/1.1 200 OK"
2026-06-01 23:32:03,214 - httpx - INFO - HTTP Request: GET https://huggingface.co/api/models/sentence-transformers/all-MiniLM-L6-v2/tree/main/additional_chat_templates?recursive=false&expand=false "HTTP/1.1 404 Not Found"
2026-06-01 23:32:05,983 - httpx - INFO - HTTP Request: GET https://huggingface.co/api/models/sentence-transformers/all-MiniLM-L6-v2/tree/main?recursive=true&expand=false "HTTP/1.1 200 OK"
2026-06-01 23:32:07,828 - httpx - INFO - HTTP Request: HEAD https://huggingface.co/sentence-transformers/all-MiniLM-L6-v2/resolve/main/1_Pooling/config.json "HTTP/1.1 307 Temporary Redirect"
2026-06-01 23:32:09,428 - httpx - INFO - HTTP Request: HEAD https://huggingface.co/api/resolve-cache/models/sentence-transformers/all-MiniLM-L6-v2/1110a243fdf4706b3f48f1d95db1a4f5529b4d41/1_Pooling%2Fconfig.json "HTTP/1.1 200 OK"
2026-06-01 23:32:11,233 - httpx - INFO - HTTP Request: GET https://huggingface.co/api/models/sentence-transformers/all-MiniLM-L6-v2 "HTTP/1.1 200 OK"
2026-06-01 23:32:11,266 - httpx - INFO - HTTP Request: GET http://localhost:6333/collections/RECOLAB "HTTP/1.1 200 OK"
2026-06-01 23:32:11,308 - main - ERROR - Error initializing Server: Existing Qdrant collection is configured for dense vectors with 768 dimensions. Selected embeddings are 384-dimensional. If you want to recreate the collection, set `force_recreate` parameter to `True`.
2026-06-01 23:32:11,312 - uvicorn.error - ERROR - Traceback (most recent call last):
  File "d:\PROJECT\RE Colab\Curious-Bee-AI-Module\.venv\Lib\site-packages\starlette\routing.py", line 638, in lifespan
    async with self.lifespan_context(app) as maybe_state:
               ~~~~~~~~~~~~~~~~~~~~~^^^^^
  File "C:\Users\sinub\AppData\Roaming\uv\python\cpython-3.14-windows-x86_64-none\Lib\contextlib.py", line 214, in __aenter__
    return await anext(self.gen)
           ^^^^^^^^^^^^^^^^^^^^^
  File "d:\PROJECT\RE Colab\Curious-Bee-AI-Module\.venv\Lib\site-packages\fastapi\routing.py", line 216, in merged_lifespan
    async with original_context(app) as maybe_original_state:
               ~~~~~~~~~~~~~~~~^^^^^
  File "C:\Users\sinub\AppData\Roaming\uv\python\cpython-3.14-windows-x86_64-none\Lib\contextlib.py", line 214, in __aenter__
    return await anext(self.gen)
           ^^^^^^^^^^^^^^^^^^^^^
  File "d:\PROJECT\RE Colab\Curious-Bee-AI-Module\SINU\semantic search\app\main.py", line 78, in lifespan
    raise e
  File "d:\PROJECT\RE Colab\Curious-Bee-AI-Module\SINU\semantic search\app\main.py", line 58, in lifespan
    app.state.vector_store = QdrantVectorStore(
                             ~~~~~~~~~~~~~~~~~^
        client=app.state.client,
        ^^^^^^^^^^^^^^^^^^^^^^^^
        embedding=app.state.embedding_model,
        ^^^^^^^^^^^^^^^^^^^^^^^^^^^^^^^^^^^^
        collection_name=QDRANT_COLLECTION_NAME,
        ^^^^^^^^^^^^^^^^^^^^^^^^^^^^^^^^^^^^^^^
    )
    ^
  File "d:\PROJECT\RE Colab\Curious-Bee-AI-Module\.venv\Lib\site-packages\langchain_qdrant\qdrant.py", line 241, in __init__
    self._validate_collection_config(
    ~~~~~~~~~~~~~~~~~~~~~~~~~~~~~~~~^
        client,
        ^^^^^^^
    ...<5 lines>...
        embedding,
        ^^^^^^^^^^
    )
    ^
  File "d:\PROJECT\RE Colab\Curious-Bee-AI-Module\.venv\Lib\site-packages\langchain_qdrant\qdrant.py", line 1161, in _validate_collection_config
    cls._validate_collection_for_dense(
    ~~~~~~~~~~~~~~~~~~~~~~~~~~~~~~~~~~^
        client, collection_name, vector_name, distance, embedding
        ^^^^^^^^^^^^^^^^^^^^^^^^^^^^^^^^^^^^^^^^^^^^^^^^^^^^^^^^^
    )
    ^
  File "d:\PROJECT\RE Colab\Curious-Bee-AI-Module\.venv\Lib\site-packages\langchain_qdrant\qdrant.py", line 1238, in _validate_collection_for_dense
    raise QdrantVectorStoreError(msg)
langchain_qdrant.qdrant.QdrantVectorStoreError: Existing Qdrant collection is configured for dense vectors with 768 dimensions. Selected embeddings are 384-dimensional. If you want to recreate the collection, set `force_recreate` parameter to `True`.

2026-06-01 23:32:11,314 - uvicorn.error - ERROR - Application startup failed. Exiting.
2026-06-01 23:32:21,176 - uvicorn.error - INFO - Started server process [59580]
2026-06-01 23:32:21,176 - uvicorn.error - INFO - Waiting for application startup.
2026-06-01 23:32:21,231 - httpx - INFO - HTTP Request: GET http://localhost:6333/collections "HTTP/1.1 200 OK"
2026-06-01 23:32:21,252 - httpx - INFO - HTTP Request: GET http://localhost:6333 "HTTP/1.1 200 OK"
2026-06-01 23:32:25,697 - httpx - INFO - HTTP Request: HEAD https://huggingface.co/sentence-transformers/all-MiniLM-L6-v2/resolve/main/modules.json "HTTP/1.1 307 Temporary Redirect"
2026-06-01 23:32:25,827 - httpx - INFO - HTTP Request: HEAD https://huggingface.co/api/resolve-cache/models/sentence-transformers/all-MiniLM-L6-v2/1110a243fdf4706b3f48f1d95db1a4f5529b4d41/modules.json "HTTP/1.1 200 OK"
2026-06-01 23:32:26,128 - httpx - INFO - HTTP Request: HEAD https://huggingface.co/sentence-transformers/all-MiniLM-L6-v2/resolve/main/config_sentence_transformers.json "HTTP/1.1 307 Temporary Redirect"
2026-06-01 23:32:26,196 - httpx - INFO - HTTP Request: HEAD https://huggingface.co/api/resolve-cache/models/sentence-transformers/all-MiniLM-L6-v2/1110a243fdf4706b3f48f1d95db1a4f5529b4d41/config_sentence_transformers.json "HTTP/1.1 200 OK"
2026-06-01 23:32:26,198 - sentence_transformers.base.model - INFO - Loading SentenceTransformer model from sentence-transformers/all-MiniLM-L6-v2.
2026-06-01 23:32:26,539 - httpx - INFO - HTTP Request: HEAD https://huggingface.co/sentence-transformers/all-MiniLM-L6-v2/resolve/main/config_sentence_transformers.json "HTTP/1.1 307 Temporary Redirect"
2026-06-01 23:32:26,620 - httpx - INFO - HTTP Request: HEAD https://huggingface.co/api/resolve-cache/models/sentence-transformers/all-MiniLM-L6-v2/1110a243fdf4706b3f48f1d95db1a4f5529b4d41/config_sentence_transformers.json "HTTP/1.1 200 OK"
2026-06-01 23:32:26,947 - httpx - INFO - HTTP Request: HEAD https://huggingface.co/sentence-transformers/all-MiniLM-L6-v2/resolve/main/README.md "HTTP/1.1 307 Temporary Redirect"
2026-06-01 23:32:27,011 - httpx - INFO - HTTP Request: HEAD https://huggingface.co/api/resolve-cache/models/sentence-transformers/all-MiniLM-L6-v2/1110a243fdf4706b3f48f1d95db1a4f5529b4d41/README.md "HTTP/1.1 200 OK"
2026-06-01 23:32:27,321 - httpx - INFO - HTTP Request: HEAD https://huggingface.co/sentence-transformers/all-MiniLM-L6-v2/resolve/main/modules.json "HTTP/1.1 307 Temporary Redirect"
2026-06-01 23:32:27,384 - httpx - INFO - HTTP Request: HEAD https://huggingface.co/api/resolve-cache/models/sentence-transformers/all-MiniLM-L6-v2/1110a243fdf4706b3f48f1d95db1a4f5529b4d41/modules.json "HTTP/1.1 200 OK"
2026-06-01 23:32:27,664 - httpx - INFO - HTTP Request: HEAD https://huggingface.co/sentence-transformers/all-MiniLM-L6-v2/resolve/main/sentence_bert_config.json "HTTP/1.1 307 Temporary Redirect"
2026-06-01 23:32:27,715 - httpx - INFO - HTTP Request: HEAD https://huggingface.co/api/resolve-cache/models/sentence-transformers/all-MiniLM-L6-v2/1110a243fdf4706b3f48f1d95db1a4f5529b4d41/sentence_bert_config.json "HTTP/1.1 200 OK"
2026-06-01 23:32:28,074 - httpx - INFO - HTTP Request: HEAD https://huggingface.co/sentence-transformers/all-MiniLM-L6-v2/resolve/main/adapter_config.json "HTTP/1.1 404 Not Found"
2026-06-01 23:32:28,391 - httpx - INFO - HTTP Request: HEAD https://huggingface.co/sentence-transformers/all-MiniLM-L6-v2/resolve/main/config.json "HTTP/1.1 307 Temporary Redirect"
2026-06-01 23:32:28,482 - httpx - INFO - HTTP Request: HEAD https://huggingface.co/api/resolve-cache/models/sentence-transformers/all-MiniLM-L6-v2/1110a243fdf4706b3f48f1d95db1a4f5529b4d41/config.json "HTTP/1.1 200 OK"
2026-06-01 23:32:28,995 - httpx - INFO - HTTP Request: HEAD https://huggingface.co/sentence-transformers/all-MiniLM-L6-v2/resolve/main/processor_config.json "HTTP/1.1 404 Not Found"
2026-06-01 23:32:29,287 - httpx - INFO - HTTP Request: HEAD https://huggingface.co/sentence-transformers/all-MiniLM-L6-v2/resolve/main/preprocessor_config.json "HTTP/1.1 404 Not Found"
2026-06-01 23:32:29,900 - httpx - INFO - HTTP Request: HEAD https://huggingface.co/sentence-transformers/all-MiniLM-L6-v2/resolve/main/video_preprocessor_config.json "HTTP/1.1 404 Not Found"
2026-06-01 23:32:30,250 - httpx - INFO - HTTP Request: HEAD https://huggingface.co/sentence-transformers/all-MiniLM-L6-v2/resolve/main/preprocessor_config.json "HTTP/1.1 404 Not Found"
2026-06-01 23:32:30,611 - httpx - INFO - HTTP Request: HEAD https://huggingface.co/sentence-transformers/all-MiniLM-L6-v2/resolve/main/tokenizer_config.json "HTTP/1.1 307 Temporary Redirect"
2026-06-01 23:32:30,672 - httpx - INFO - HTTP Request: HEAD https://huggingface.co/api/resolve-cache/models/sentence-transformers/all-MiniLM-L6-v2/1110a243fdf4706b3f48f1d95db1a4f5529b4d41/tokenizer_config.json "HTTP/1.1 200 OK"
2026-06-01 23:32:30,945 - httpx - INFO - HTTP Request: HEAD https://huggingface.co/sentence-transformers/all-MiniLM-L6-v2/resolve/main/config.json "HTTP/1.1 307 Temporary Redirect"
2026-06-01 23:32:31,005 - httpx - INFO - HTTP Request: HEAD https://huggingface.co/api/resolve-cache/models/sentence-transformers/all-MiniLM-L6-v2/1110a243fdf4706b3f48f1d95db1a4f5529b4d41/config.json "HTTP/1.1 200 OK"
2026-06-01 23:32:31,272 - httpx - INFO - HTTP Request: HEAD https://huggingface.co/sentence-transformers/all-MiniLM-L6-v2/resolve/main/config.json "HTTP/1.1 307 Temporary Redirect"
2026-06-01 23:32:31,329 - httpx - INFO - HTTP Request: HEAD https://huggingface.co/api/resolve-cache/models/sentence-transformers/all-MiniLM-L6-v2/1110a243fdf4706b3f48f1d95db1a4f5529b4d41/config.json "HTTP/1.1 200 OK"
2026-06-01 23:32:31,660 - httpx - INFO - HTTP Request: HEAD https://huggingface.co/sentence-transformers/all-MiniLM-L6-v2/resolve/main/tokenizer_config.json "HTTP/1.1 307 Temporary Redirect"
2026-06-01 23:32:31,739 - httpx - INFO - HTTP Request: HEAD https://huggingface.co/api/resolve-cache/models/sentence-transformers/all-MiniLM-L6-v2/1110a243fdf4706b3f48f1d95db1a4f5529b4d41/tokenizer_config.json "HTTP/1.1 200 OK"
2026-06-01 23:32:32,067 - httpx - INFO - HTTP Request: GET https://huggingface.co/api/models/sentence-transformers/all-MiniLM-L6-v2/tree/main/additional_chat_templates?recursive=false&expand=false "HTTP/1.1 404 Not Found"
2026-06-01 23:32:32,376 - httpx - INFO - HTTP Request: GET https://huggingface.co/api/models/sentence-transformers/all-MiniLM-L6-v2/tree/main?recursive=true&expand=false "HTTP/1.1 200 OK"
2026-06-01 23:32:32,786 - httpx - INFO - HTTP Request: HEAD https://huggingface.co/sentence-transformers/all-MiniLM-L6-v2/resolve/main/1_Pooling/config.json "HTTP/1.1 307 Temporary Redirect"
2026-06-01 23:32:32,866 - httpx - INFO - HTTP Request: HEAD https://huggingface.co/api/resolve-cache/models/sentence-transformers/all-MiniLM-L6-v2/1110a243fdf4706b3f48f1d95db1a4f5529b4d41/1_Pooling%2Fconfig.json "HTTP/1.1 200 OK"
2026-06-01 23:32:33,166 - httpx - INFO - HTTP Request: GET https://huggingface.co/api/models/sentence-transformers/all-MiniLM-L6-v2 "HTTP/1.1 200 OK"
2026-06-01 23:32:33,199 - httpx - INFO - HTTP Request: GET http://localhost:6333/collections/RECOLAB "HTTP/1.1 200 OK"
2026-06-01 23:32:33,232 - main - ERROR - Error initializing Server: Existing Qdrant collection is configured for dense vectors with 768 dimensions. Selected embeddings are 384-dimensional. If you want to recreate the collection, set `force_recreate` parameter to `True`.
2026-06-01 23:32:33,236 - uvicorn.error - ERROR - Traceback (most recent call last):
  File "d:\PROJECT\RE Colab\Curious-Bee-AI-Module\.venv\Lib\site-packages\starlette\routing.py", line 638, in lifespan
    async with self.lifespan_context(app) as maybe_state:
               ~~~~~~~~~~~~~~~~~~~~~^^^^^
  File "C:\Users\sinub\AppData\Roaming\uv\python\cpython-3.14-windows-x86_64-none\Lib\contextlib.py", line 214, in __aenter__
    return await anext(self.gen)
           ^^^^^^^^^^^^^^^^^^^^^
  File "d:\PROJECT\RE Colab\Curious-Bee-AI-Module\.venv\Lib\site-packages\fastapi\routing.py", line 216, in merged_lifespan
    async with original_context(app) as maybe_original_state:
               ~~~~~~~~~~~~~~~~^^^^^
  File "C:\Users\sinub\AppData\Roaming\uv\python\cpython-3.14-windows-x86_64-none\Lib\contextlib.py", line 214, in __aenter__
    return await anext(self.gen)
           ^^^^^^^^^^^^^^^^^^^^^
  File "d:\PROJECT\RE Colab\Curious-Bee-AI-Module\SINU\semantic search\app\main.py", line 78, in lifespan
    raise e
  File "d:\PROJECT\RE Colab\Curious-Bee-AI-Module\SINU\semantic search\app\main.py", line 58, in lifespan
    app.state.vector_store = QdrantVectorStore(
                             ~~~~~~~~~~~~~~~~~^
        client=app.state.client,
        ^^^^^^^^^^^^^^^^^^^^^^^^
        embedding=app.state.embedding_model,
        ^^^^^^^^^^^^^^^^^^^^^^^^^^^^^^^^^^^^
        collection_name=QDRANT_COLLECTION_NAME,
        ^^^^^^^^^^^^^^^^^^^^^^^^^^^^^^^^^^^^^^^
    )
    ^
  File "d:\PROJECT\RE Colab\Curious-Bee-AI-Module\.venv\Lib\site-packages\langchain_qdrant\qdrant.py", line 241, in __init__
    self._validate_collection_config(
    ~~~~~~~~~~~~~~~~~~~~~~~~~~~~~~~~^
        client,
        ^^^^^^^
    ...<5 lines>...
        embedding,
        ^^^^^^^^^^
    )
    ^
  File "d:\PROJECT\RE Colab\Curious-Bee-AI-Module\.venv\Lib\site-packages\langchain_qdrant\qdrant.py", line 1161, in _validate_collection_config
    cls._validate_collection_for_dense(
    ~~~~~~~~~~~~~~~~~~~~~~~~~~~~~~~~~~^
        client, collection_name, vector_name, distance, embedding
        ^^^^^^^^^^^^^^^^^^^^^^^^^^^^^^^^^^^^^^^^^^^^^^^^^^^^^^^^^
    )
    ^
  File "d:\PROJECT\RE Colab\Curious-Bee-AI-Module\.venv\Lib\site-packages\langchain_qdrant\qdrant.py", line 1238, in _validate_collection_for_dense
    raise QdrantVectorStoreError(msg)
langchain_qdrant.qdrant.QdrantVectorStoreError: Existing Qdrant collection is configured for dense vectors with 768 dimensions. Selected embeddings are 384-dimensional. If you want to recreate the collection, set `force_recreate` parameter to `True`.

2026-06-01 23:32:33,237 - uvicorn.error - ERROR - Application startup failed. Exiting.
2026-06-01 23:32:43,786 - uvicorn.error - WARNING - StatReload detected changes in 'SINU\semantic search\app\main.py'. Reloading...
2026-06-01 23:32:52,062 - uvicorn.error - INFO - Started server process [27308]
2026-06-01 23:32:52,063 - uvicorn.error - INFO - Waiting for application startup.
2026-06-01 23:32:52,122 - httpx - INFO - HTTP Request: GET http://localhost:6333/collections "HTTP/1.1 200 OK"
2026-06-01 23:32:52,154 - httpx - INFO - HTTP Request: GET http://localhost:6333 "HTTP/1.1 200 OK"
2026-06-01 23:32:52,642 - httpx - INFO - HTTP Request: PUT http://localhost:6333/collections/RECOLAB "HTTP/1.1 200 OK"
2026-06-01 23:32:52,645 - main - INFO - Created Qdrant collection 'RECOLAB'
2026-06-01 23:32:56,851 - httpx - INFO - HTTP Request: HEAD https://huggingface.co/sentence-transformers/all-MiniLM-L6-v2/resolve/main/modules.json "HTTP/1.1 307 Temporary Redirect"
2026-06-01 23:32:56,911 - httpx - INFO - HTTP Request: HEAD https://huggingface.co/api/resolve-cache/models/sentence-transformers/all-MiniLM-L6-v2/1110a243fdf4706b3f48f1d95db1a4f5529b4d41/modules.json "HTTP/1.1 200 OK"
2026-06-01 23:32:57,259 - httpx - INFO - HTTP Request: HEAD https://huggingface.co/sentence-transformers/all-MiniLM-L6-v2/resolve/main/config_sentence_transformers.json "HTTP/1.1 307 Temporary Redirect"
2026-06-01 23:32:57,336 - httpx - INFO - HTTP Request: HEAD https://huggingface.co/api/resolve-cache/models/sentence-transformers/all-MiniLM-L6-v2/1110a243fdf4706b3f48f1d95db1a4f5529b4d41/config_sentence_transformers.json "HTTP/1.1 200 OK"
2026-06-01 23:32:57,339 - sentence_transformers.base.model - INFO - Loading SentenceTransformer model from sentence-transformers/all-MiniLM-L6-v2.
2026-06-01 23:32:57,601 - httpx - INFO - HTTP Request: HEAD https://huggingface.co/sentence-transformers/all-MiniLM-L6-v2/resolve/main/config_sentence_transformers.json "HTTP/1.1 307 Temporary Redirect"
2026-06-01 23:32:57,660 - httpx - INFO - HTTP Request: HEAD https://huggingface.co/api/resolve-cache/models/sentence-transformers/all-MiniLM-L6-v2/1110a243fdf4706b3f48f1d95db1a4f5529b4d41/config_sentence_transformers.json "HTTP/1.1 200 OK"
2026-06-01 23:32:57,943 - httpx - INFO - HTTP Request: HEAD https://huggingface.co/sentence-transformers/all-MiniLM-L6-v2/resolve/main/README.md "HTTP/1.1 307 Temporary Redirect"
2026-06-01 23:32:58,003 - httpx - INFO - HTTP Request: HEAD https://huggingface.co/api/resolve-cache/models/sentence-transformers/all-MiniLM-L6-v2/1110a243fdf4706b3f48f1d95db1a4f5529b4d41/README.md "HTTP/1.1 200 OK"
2026-06-01 23:32:58,276 - httpx - INFO - HTTP Request: HEAD https://huggingface.co/sentence-transformers/all-MiniLM-L6-v2/resolve/main/modules.json "HTTP/1.1 307 Temporary Redirect"
2026-06-01 23:32:58,332 - httpx - INFO - HTTP Request: HEAD https://huggingface.co/api/resolve-cache/models/sentence-transformers/all-MiniLM-L6-v2/1110a243fdf4706b3f48f1d95db1a4f5529b4d41/modules.json "HTTP/1.1 200 OK"
2026-06-01 23:32:58,612 - httpx - INFO - HTTP Request: HEAD https://huggingface.co/sentence-transformers/all-MiniLM-L6-v2/resolve/main/sentence_bert_config.json "HTTP/1.1 307 Temporary Redirect"
2026-06-01 23:32:58,666 - httpx - INFO - HTTP Request: HEAD https://huggingface.co/api/resolve-cache/models/sentence-transformers/all-MiniLM-L6-v2/1110a243fdf4706b3f48f1d95db1a4f5529b4d41/sentence_bert_config.json "HTTP/1.1 200 OK"
2026-06-01 23:32:58,992 - httpx - INFO - HTTP Request: HEAD https://huggingface.co/sentence-transformers/all-MiniLM-L6-v2/resolve/main/adapter_config.json "HTTP/1.1 404 Not Found"
2026-06-01 23:32:59,271 - httpx - INFO - HTTP Request: HEAD https://huggingface.co/sentence-transformers/all-MiniLM-L6-v2/resolve/main/config.json "HTTP/1.1 307 Temporary Redirect"
2026-06-01 23:32:59,327 - httpx - INFO - HTTP Request: HEAD https://huggingface.co/api/resolve-cache/models/sentence-transformers/all-MiniLM-L6-v2/1110a243fdf4706b3f48f1d95db1a4f5529b4d41/config.json "HTTP/1.1 200 OK"
2026-06-01 23:32:59,920 - httpx - INFO - HTTP Request: HEAD https://huggingface.co/sentence-transformers/all-MiniLM-L6-v2/resolve/main/processor_config.json "HTTP/1.1 404 Not Found"
2026-06-01 23:33:00,330 - httpx - INFO - HTTP Request: HEAD https://huggingface.co/sentence-transformers/all-MiniLM-L6-v2/resolve/main/preprocessor_config.json "HTTP/1.1 404 Not Found"
2026-06-01 23:33:00,631 - httpx - INFO - HTTP Request: HEAD https://huggingface.co/sentence-transformers/all-MiniLM-L6-v2/resolve/main/video_preprocessor_config.json "HTTP/1.1 404 Not Found"
2026-06-01 23:33:00,944 - httpx - INFO - HTTP Request: HEAD https://huggingface.co/sentence-transformers/all-MiniLM-L6-v2/resolve/main/preprocessor_config.json "HTTP/1.1 404 Not Found"
2026-06-01 23:33:01,236 - httpx - INFO - HTTP Request: HEAD https://huggingface.co/sentence-transformers/all-MiniLM-L6-v2/resolve/main/tokenizer_config.json "HTTP/1.1 307 Temporary Redirect"
2026-06-01 23:33:01,339 - httpx - INFO - HTTP Request: HEAD https://huggingface.co/api/resolve-cache/models/sentence-transformers/all-MiniLM-L6-v2/1110a243fdf4706b3f48f1d95db1a4f5529b4d41/tokenizer_config.json "HTTP/1.1 200 OK"
2026-06-01 23:33:01,660 - httpx - INFO - HTTP Request: HEAD https://huggingface.co/sentence-transformers/all-MiniLM-L6-v2/resolve/main/config.json "HTTP/1.1 307 Temporary Redirect"
2026-06-01 23:33:01,737 - httpx - INFO - HTTP Request: HEAD https://huggingface.co/api/resolve-cache/models/sentence-transformers/all-MiniLM-L6-v2/1110a243fdf4706b3f48f1d95db1a4f5529b4d41/config.json "HTTP/1.1 200 OK"
2026-06-01 23:33:02,037 - httpx - INFO - HTTP Request: HEAD https://huggingface.co/sentence-transformers/all-MiniLM-L6-v2/resolve/main/config.json "HTTP/1.1 307 Temporary Redirect"
2026-06-01 23:33:02,109 - httpx - INFO - HTTP Request: HEAD https://huggingface.co/api/resolve-cache/models/sentence-transformers/all-MiniLM-L6-v2/1110a243fdf4706b3f48f1d95db1a4f5529b4d41/config.json "HTTP/1.1 200 OK"
2026-06-01 23:33:02,481 - httpx - INFO - HTTP Request: HEAD https://huggingface.co/sentence-transformers/all-MiniLM-L6-v2/resolve/main/tokenizer_config.json "HTTP/1.1 307 Temporary Redirect"
2026-06-01 23:33:02,545 - httpx - INFO - HTTP Request: HEAD https://huggingface.co/api/resolve-cache/models/sentence-transformers/all-MiniLM-L6-v2/1110a243fdf4706b3f48f1d95db1a4f5529b4d41/tokenizer_config.json "HTTP/1.1 200 OK"
2026-06-01 23:33:02,891 - httpx - INFO - HTTP Request: GET https://huggingface.co/api/models/sentence-transformers/all-MiniLM-L6-v2/tree/main/additional_chat_templates?recursive=false&expand=false "HTTP/1.1 404 Not Found"
2026-06-01 23:33:03,197 - httpx - INFO - HTTP Request: GET https://huggingface.co/api/models/sentence-transformers/all-MiniLM-L6-v2/tree/main?recursive=true&expand=false "HTTP/1.1 200 OK"
2026-06-01 23:33:03,607 - httpx - INFO - HTTP Request: HEAD https://huggingface.co/sentence-transformers/all-MiniLM-L6-v2/resolve/main/1_Pooling/config.json "HTTP/1.1 307 Temporary Redirect"
2026-06-01 23:33:03,683 - httpx - INFO - HTTP Request: HEAD https://huggingface.co/api/resolve-cache/models/sentence-transformers/all-MiniLM-L6-v2/1110a243fdf4706b3f48f1d95db1a4f5529b4d41/1_Pooling%2Fconfig.json "HTTP/1.1 200 OK"
2026-06-01 23:33:04,016 - httpx - INFO - HTTP Request: GET https://huggingface.co/api/models/sentence-transformers/all-MiniLM-L6-v2 "HTTP/1.1 200 OK"
2026-06-01 23:33:04,026 - httpx - INFO - HTTP Request: GET http://localhost:6333/collections/RECOLAB "HTTP/1.1 200 OK"
2026-06-01 23:33:04,029 - main - ERROR - Error initializing Server: Existing Qdrant collection RECOLAB does not contain dense vector named . Did you mean one of the existing vectors: ? If you want to recreate the collection, set `force_recreate` parameter to `True`.
2026-06-01 23:33:04,032 - uvicorn.error - ERROR - Traceback (most recent call last):
  File "d:\PROJECT\RE Colab\Curious-Bee-AI-Module\.venv\Lib\site-packages\starlette\routing.py", line 638, in lifespan
    async with self.lifespan_context(app) as maybe_state:
               ~~~~~~~~~~~~~~~~~~~~~^^^^^
  File "C:\Users\sinub\AppData\Roaming\uv\python\cpython-3.14-windows-x86_64-none\Lib\contextlib.py", line 214, in __aenter__
    return await anext(self.gen)
           ^^^^^^^^^^^^^^^^^^^^^
  File "d:\PROJECT\RE Colab\Curious-Bee-AI-Module\.venv\Lib\site-packages\fastapi\routing.py", line 216, in merged_lifespan
    async with original_context(app) as maybe_original_state:
               ~~~~~~~~~~~~~~~~^^^^^
  File "C:\Users\sinub\AppData\Roaming\uv\python\cpython-3.14-windows-x86_64-none\Lib\contextlib.py", line 214, in __aenter__
    return await anext(self.gen)
           ^^^^^^^^^^^^^^^^^^^^^
  File "d:\PROJECT\RE Colab\Curious-Bee-AI-Module\SINU\semantic search\app\main.py", line 77, in lifespan
    raise e
  File "d:\PROJECT\RE Colab\Curious-Bee-AI-Module\SINU\semantic search\app\main.py", line 57, in lifespan
    app.state.vector_store = QdrantVectorStore(
                             ~~~~~~~~~~~~~~~~~^
        client=app.state.client,
        ^^^^^^^^^^^^^^^^^^^^^^^^
        embedding=app.state.embedding_model,
        ^^^^^^^^^^^^^^^^^^^^^^^^^^^^^^^^^^^^
        collection_name=QDRANT_COLLECTION_NAME,
        ^^^^^^^^^^^^^^^^^^^^^^^^^^^^^^^^^^^^^^^
    )
    ^
  File "d:\PROJECT\RE Colab\Curious-Bee-AI-Module\.venv\Lib\site-packages\langchain_qdrant\qdrant.py", line 241, in __init__
    self._validate_collection_config(
    ~~~~~~~~~~~~~~~~~~~~~~~~~~~~~~~~^
        client,
        ^^^^^^^
    ...<5 lines>...
        embedding,
        ^^^^^^^^^^
    )
    ^
  File "d:\PROJECT\RE Colab\Curious-Bee-AI-Module\.venv\Lib\site-packages\langchain_qdrant\qdrant.py", line 1161, in _validate_collection_config
    cls._validate_collection_for_dense(
    ~~~~~~~~~~~~~~~~~~~~~~~~~~~~~~~~~~^
        client, collection_name, vector_name, distance, embedding
        ^^^^^^^^^^^^^^^^^^^^^^^^^^^^^^^^^^^^^^^^^^^^^^^^^^^^^^^^^
    )
    ^
  File "d:\PROJECT\RE Colab\Curious-Bee-AI-Module\.venv\Lib\site-packages\langchain_qdrant\qdrant.py", line 1201, in _validate_collection_for_dense
    raise QdrantVectorStoreError(msg)
langchain_qdrant.qdrant.QdrantVectorStoreError: Existing Qdrant collection RECOLAB does not contain dense vector named . Did you mean one of the existing vectors: ? If you want to recreate the collection, set `force_recreate` parameter to `True`.

2026-06-01 23:33:04,033 - uvicorn.error - ERROR - Application startup failed. Exiting.
2026-06-01 23:33:13,229 - uvicorn.error - WARNING - StatReload detected changes in 'SINU\semantic search\app\main.py'. Reloading...
2026-06-01 23:33:20,590 - uvicorn.error - INFO - Started server process [55956]
2026-06-01 23:33:20,592 - uvicorn.error - INFO - Waiting for application startup.
2026-06-01 23:33:20,664 - httpx - INFO - HTTP Request: GET http://localhost:6333 "HTTP/1.1 200 OK"
2026-06-01 23:33:20,664 - httpx - INFO - HTTP Request: GET http://localhost:6333/collections "HTTP/1.1 200 OK"
2026-06-01 23:33:25,986 - httpx - INFO - HTTP Request: HEAD https://huggingface.co/sentence-transformers/all-MiniLM-L6-v2/resolve/main/modules.json "HTTP/1.1 307 Temporary Redirect"
2026-06-01 23:33:25,988 - uvicorn.error - WARNING - StatReload detected changes in 'SINU\semantic search\app\main.py'. Reloading...
2026-06-01 23:33:26,058 - httpx - INFO - HTTP Request: HEAD https://huggingface.co/api/resolve-cache/models/sentence-transformers/all-MiniLM-L6-v2/1110a243fdf4706b3f48f1d95db1a4f5529b4d41/modules.json "HTTP/1.1 200 OK"
2026-06-01 23:33:26,343 - httpx - INFO - HTTP Request: HEAD https://huggingface.co/sentence-transformers/all-MiniLM-L6-v2/resolve/main/config_sentence_transformers.json "HTTP/1.1 307 Temporary Redirect"
2026-06-01 23:33:26,742 - httpx - INFO - HTTP Request: HEAD https://huggingface.co/api/resolve-cache/models/sentence-transformers/all-MiniLM-L6-v2/1110a243fdf4706b3f48f1d95db1a4f5529b4d41/config_sentence_transformers.json "HTTP/1.1 200 OK"
2026-06-01 23:33:26,744 - sentence_transformers.base.model - INFO - Loading SentenceTransformer model from sentence-transformers/all-MiniLM-L6-v2.
2026-06-01 23:33:27,549 - httpx - INFO - HTTP Request: HEAD https://huggingface.co/sentence-transformers/all-MiniLM-L6-v2/resolve/main/config_sentence_transformers.json "HTTP/1.1 307 Temporary Redirect"
2026-06-01 23:33:27,851 - httpx - INFO - HTTP Request: HEAD https://huggingface.co/api/resolve-cache/models/sentence-transformers/all-MiniLM-L6-v2/1110a243fdf4706b3f48f1d95db1a4f5529b4d41/config_sentence_transformers.json "HTTP/1.1 200 OK"
2026-06-01 23:33:28,253 - httpx - INFO - HTTP Request: HEAD https://huggingface.co/sentence-transformers/all-MiniLM-L6-v2/resolve/main/README.md "HTTP/1.1 307 Temporary Redirect"
2026-06-01 23:33:28,437 - httpx - INFO - HTTP Request: HEAD https://huggingface.co/api/resolve-cache/models/sentence-transformers/all-MiniLM-L6-v2/1110a243fdf4706b3f48f1d95db1a4f5529b4d41/README.md "HTTP/1.1 200 OK"
2026-06-01 23:33:28,821 - httpx - INFO - HTTP Request: HEAD https://huggingface.co/sentence-transformers/all-MiniLM-L6-v2/resolve/main/modules.json "HTTP/1.1 307 Temporary Redirect"
2026-06-01 23:33:28,967 - httpx - INFO - HTTP Request: HEAD https://huggingface.co/api/resolve-cache/models/sentence-transformers/all-MiniLM-L6-v2/1110a243fdf4706b3f48f1d95db1a4f5529b4d41/modules.json "HTTP/1.1 200 OK"
2026-06-01 23:33:29,297 - httpx - INFO - HTTP Request: HEAD https://huggingface.co/sentence-transformers/all-MiniLM-L6-v2/resolve/main/sentence_bert_config.json "HTTP/1.1 307 Temporary Redirect"
2026-06-01 23:33:29,460 - httpx - INFO - HTTP Request: HEAD https://huggingface.co/api/resolve-cache/models/sentence-transformers/all-MiniLM-L6-v2/1110a243fdf4706b3f48f1d95db1a4f5529b4d41/sentence_bert_config.json "HTTP/1.1 200 OK"
2026-06-01 23:33:29,807 - httpx - INFO - HTTP Request: HEAD https://huggingface.co/sentence-transformers/all-MiniLM-L6-v2/resolve/main/adapter_config.json "HTTP/1.1 404 Not Found"
2026-06-01 23:33:30,144 - httpx - INFO - HTTP Request: HEAD https://huggingface.co/sentence-transformers/all-MiniLM-L6-v2/resolve/main/config.json "HTTP/1.1 307 Temporary Redirect"
2026-06-01 23:33:30,287 - httpx - INFO - HTTP Request: HEAD https://huggingface.co/api/resolve-cache/models/sentence-transformers/all-MiniLM-L6-v2/1110a243fdf4706b3f48f1d95db1a4f5529b4d41/config.json "HTTP/1.1 200 OK"
2026-06-01 23:33:30,741 - httpx - INFO - HTTP Request: HEAD https://huggingface.co/sentence-transformers/all-MiniLM-L6-v2/resolve/main/processor_config.json "HTTP/1.1 404 Not Found"
2026-06-01 23:33:31,053 - httpx - INFO - HTTP Request: HEAD https://huggingface.co/sentence-transformers/all-MiniLM-L6-v2/resolve/main/preprocessor_config.json "HTTP/1.1 404 Not Found"
2026-06-01 23:33:31,331 - httpx - INFO - HTTP Request: HEAD https://huggingface.co/sentence-transformers/all-MiniLM-L6-v2/resolve/main/video_preprocessor_config.json "HTTP/1.1 404 Not Found"
2026-06-01 23:33:31,664 - httpx - INFO - HTTP Request: HEAD https://huggingface.co/sentence-transformers/all-MiniLM-L6-v2/resolve/main/preprocessor_config.json "HTTP/1.1 404 Not Found"
2026-06-01 23:33:31,971 - httpx - INFO - HTTP Request: HEAD https://huggingface.co/sentence-transformers/all-MiniLM-L6-v2/resolve/main/tokenizer_config.json "HTTP/1.1 307 Temporary Redirect"
2026-06-01 23:33:32,032 - httpx - INFO - HTTP Request: HEAD https://huggingface.co/api/resolve-cache/models/sentence-transformers/all-MiniLM-L6-v2/1110a243fdf4706b3f48f1d95db1a4f5529b4d41/tokenizer_config.json "HTTP/1.1 200 OK"
2026-06-01 23:33:32,383 - httpx - INFO - HTTP Request: HEAD https://huggingface.co/sentence-transformers/all-MiniLM-L6-v2/resolve/main/config.json "HTTP/1.1 307 Temporary Redirect"
2026-06-01 23:33:32,452 - httpx - INFO - HTTP Request: HEAD https://huggingface.co/api/resolve-cache/models/sentence-transformers/all-MiniLM-L6-v2/1110a243fdf4706b3f48f1d95db1a4f5529b4d41/config.json "HTTP/1.1 200 OK"
2026-06-01 23:33:32,790 - httpx - INFO - HTTP Request: HEAD https://huggingface.co/sentence-transformers/all-MiniLM-L6-v2/resolve/main/config.json "HTTP/1.1 307 Temporary Redirect"
2026-06-01 23:33:32,852 - httpx - INFO - HTTP Request: HEAD https://huggingface.co/api/resolve-cache/models/sentence-transformers/all-MiniLM-L6-v2/1110a243fdf4706b3f48f1d95db1a4f5529b4d41/config.json "HTTP/1.1 200 OK"
2026-06-01 23:33:33,199 - httpx - INFO - HTTP Request: HEAD https://huggingface.co/sentence-transformers/all-MiniLM-L6-v2/resolve/main/tokenizer_config.json "HTTP/1.1 307 Temporary Redirect"
2026-06-01 23:33:33,282 - httpx - INFO - HTTP Request: HEAD https://huggingface.co/api/resolve-cache/models/sentence-transformers/all-MiniLM-L6-v2/1110a243fdf4706b3f48f1d95db1a4f5529b4d41/tokenizer_config.json "HTTP/1.1 200 OK"
2026-06-01 23:33:33,591 - httpx - INFO - HTTP Request: GET https://huggingface.co/api/models/sentence-transformers/all-MiniLM-L6-v2/tree/main/additional_chat_templates?recursive=false&expand=false "HTTP/1.1 404 Not Found"
2026-06-01 23:33:33,917 - httpx - INFO - HTTP Request: GET https://huggingface.co/api/models/sentence-transformers/all-MiniLM-L6-v2/tree/main?recursive=true&expand=false "HTTP/1.1 200 OK"
2026-06-01 23:33:34,326 - httpx - INFO - HTTP Request: HEAD https://huggingface.co/sentence-transformers/all-MiniLM-L6-v2/resolve/main/1_Pooling/config.json "HTTP/1.1 307 Temporary Redirect"
2026-06-01 23:33:34,392 - httpx - INFO - HTTP Request: HEAD https://huggingface.co/api/resolve-cache/models/sentence-transformers/all-MiniLM-L6-v2/1110a243fdf4706b3f48f1d95db1a4f5529b4d41/1_Pooling%2Fconfig.json "HTTP/1.1 200 OK"
2026-06-01 23:33:34,737 - httpx - INFO - HTTP Request: GET https://huggingface.co/api/models/sentence-transformers/all-MiniLM-L6-v2 "HTTP/1.1 200 OK"
2026-06-01 23:33:34,767 - httpx - INFO - HTTP Request: GET http://localhost:6333/collections/RECOLAB "HTTP/1.1 404 Not Found"
2026-06-01 23:33:34,768 - main - ERROR - Error initializing Server: Unexpected Response: 404 (Not Found)
Raw response content:
b'{"status":{"error":"Not found: Collection `RECOLAB` doesn\'t exist!"},"time":0.001918821}'
2026-06-01 23:33:34,775 - uvicorn.error - ERROR - Traceback (most recent call last):
  File "d:\PROJECT\RE Colab\Curious-Bee-AI-Module\.venv\Lib\site-packages\starlette\routing.py", line 638, in lifespan
    async with self.lifespan_context(app) as maybe_state:
               ~~~~~~~~~~~~~~~~~~~~~^^^^^
  File "C:\Users\sinub\AppData\Roaming\uv\python\cpython-3.14-windows-x86_64-none\Lib\contextlib.py", line 214, in __aenter__
    return await anext(self.gen)
           ^^^^^^^^^^^^^^^^^^^^^
  File "d:\PROJECT\RE Colab\Curious-Bee-AI-Module\.venv\Lib\site-packages\fastapi\routing.py", line 216, in merged_lifespan
    async with original_context(app) as maybe_original_state:
               ~~~~~~~~~~~~~~~~^^^^^
  File "C:\Users\sinub\AppData\Roaming\uv\python\cpython-3.14-windows-x86_64-none\Lib\contextlib.py", line 214, in __aenter__
    return await anext(self.gen)
           ^^^^^^^^^^^^^^^^^^^^^
  File "d:\PROJECT\RE Colab\Curious-Bee-AI-Module\SINU\semantic search\app\main.py", line 78, in lifespan
    raise e
  File "d:\PROJECT\RE Colab\Curious-Bee-AI-Module\SINU\semantic search\app\main.py", line 58, in lifespan
    app.state.vector_store = QdrantVectorStore(
                             ~~~~~~~~~~~~~~~~~^
        client=app.state.client,
        ^^^^^^^^^^^^^^^^^^^^^^^^
        embedding=app.state.embedding_model,
        ^^^^^^^^^^^^^^^^^^^^^^^^^^^^^^^^^^^^
        collection_name=QDRANT_COLLECTION_NAME,
        ^^^^^^^^^^^^^^^^^^^^^^^^^^^^^^^^^^^^^^^
    )
    ^
  File "d:\PROJECT\RE Colab\Curious-Bee-AI-Module\.venv\Lib\site-packages\langchain_qdrant\qdrant.py", line 241, in __init__
    self._validate_collection_config(
    ~~~~~~~~~~~~~~~~~~~~~~~~~~~~~~~~^
        client,
        ^^^^^^^
    ...<5 lines>...
        embedding,
        ^^^^^^^^^^
    )
    ^
  File "d:\PROJECT\RE Colab\Curious-Bee-AI-Module\.venv\Lib\site-packages\langchain_qdrant\qdrant.py", line 1161, in _validate_collection_config
    cls._validate_collection_for_dense(
    ~~~~~~~~~~~~~~~~~~~~~~~~~~~~~~~~~~^
        client, collection_name, vector_name, distance, embedding
        ^^^^^^^^^^^^^^^^^^^^^^^^^^^^^^^^^^^^^^^^^^^^^^^^^^^^^^^^^
    )
    ^
  File "d:\PROJECT\RE Colab\Curious-Bee-AI-Module\.venv\Lib\site-packages\langchain_qdrant\qdrant.py", line 1187, in _validate_collection_for_dense
    collection_info = client.get_collection(collection_name=collection_name)
  File "d:\PROJECT\RE Colab\Curious-Bee-AI-Module\.venv\Lib\site-packages\qdrant_client\qdrant_client.py", line 1590, in get_collection
    return self._client.get_collection(collection_name=collection_name, **kwargs)
           ~~~~~~~~~~~~~~~~~~~~~~~~~~~^^^^^^^^^^^^^^^^^^^^^^^^^^^^^^^^^^^^^^^^^^^
  File "d:\PROJECT\RE Colab\Curious-Bee-AI-Module\.venv\Lib\site-packages\qdrant_client\qdrant_remote.py", line 1884, in get_collection
    result: types.CollectionInfo | None = self.http.collections_api.get_collection(
                                          ~~~~~~~~~~~~~~~~~~~~~~~~~~~~~~~~~~~~~~~~^
        collection_name=collection_name
        ^^^^^^^^^^^^^^^^^^^^^^^^^^^^^^^
    ).result
    ^
  File "d:\PROJECT\RE Colab\Curious-Bee-AI-Module\.venv\Lib\site-packages\qdrant_client\http\api\collections_api.py", line 517, in get_collection
    return self._build_for_get_collection(
           ~~~~~~~~~~~~~~~~~~~~~~~~~~~~~~^
        collection_name=collection_name,
        ^^^^^^^^^^^^^^^^^^^^^^^^^^^^^^^^
    )
    ^
  File "d:\PROJECT\RE Colab\Curious-Bee-AI-Module\.venv\Lib\site-packages\qdrant_client\http\api\collections_api.py", line 217, in _build_for_get_collection
    return self.api_client.request(
           ~~~~~~~~~~~~~~~~~~~~~~~^
        type_=m.InlineResponse2006,
        ^^^^^^^^^^^^^^^^^^^^^^^^^^^
    ...<3 lines>...
        path_params=path_params,
        ^^^^^^^^^^^^^^^^^^^^^^^^
    )
    ^
  File "d:\PROJECT\RE Colab\Curious-Bee-AI-Module\.venv\Lib\site-packages\qdrant_client\http\api_client.py", line 95, in request
    return self.send(request, type_)
           ~~~~~~~~~^^^^^^^^^^^^^^^^
  File "d:\PROJECT\RE Colab\Curious-Bee-AI-Module\.venv\Lib\site-packages\qdrant_client\http\api_client.py", line 130, in send
    raise UnexpectedResponse.for_response(response)
qdrant_client.http.exceptions.UnexpectedResponse: Unexpected Response: 404 (Not Found)
Raw response content:
b'{"status":{"error":"Not found: Collection `RECOLAB` doesn\'t exist!"},"time":0.001918821}'

2026-06-01 23:33:34,776 - uvicorn.error - ERROR - Application startup failed. Exiting.
2026-06-01 23:33:41,895 - uvicorn.error - INFO - Started server process [57744]
2026-06-01 23:33:41,896 - uvicorn.error - INFO - Waiting for application startup.
2026-06-01 23:33:41,958 - httpx - INFO - HTTP Request: GET http://localhost:6333/collections "HTTP/1.1 200 OK"
2026-06-01 23:33:41,961 - main - ERROR - Error initializing Server: 1 validation error for VectorParams
size
  Field required [type=missing, input_value={'distance': <Distance.COSINE: 'Cosine'>}, input_type=dict]
    For further information visit https://errors.pydantic.dev/2.13/v/missing
2026-06-01 23:33:41,972 - httpx - INFO - HTTP Request: GET http://localhost:6333 "HTTP/1.1 200 OK"
2026-06-01 23:33:42,005 - uvicorn.error - ERROR - Traceback (most recent call last):
  File "d:\PROJECT\RE Colab\Curious-Bee-AI-Module\.venv\Lib\site-packages\starlette\routing.py", line 638, in lifespan
    async with self.lifespan_context(app) as maybe_state:
               ~~~~~~~~~~~~~~~~~~~~~^^^^^
  File "C:\Users\sinub\AppData\Roaming\uv\python\cpython-3.14-windows-x86_64-none\Lib\contextlib.py", line 214, in __aenter__
    return await anext(self.gen)
           ^^^^^^^^^^^^^^^^^^^^^
  File "d:\PROJECT\RE Colab\Curious-Bee-AI-Module\.venv\Lib\site-packages\fastapi\routing.py", line 216, in merged_lifespan
    async with original_context(app) as maybe_original_state:
               ~~~~~~~~~~~~~~~~^^^^^
  File "C:\Users\sinub\AppData\Roaming\uv\python\cpython-3.14-windows-x86_64-none\Lib\contextlib.py", line 214, in __aenter__
    return await anext(self.gen)
           ^^^^^^^^^^^^^^^^^^^^^
  File "d:\PROJECT\RE Colab\Curious-Bee-AI-Module\SINU\semantic search\app\main.py", line 78, in lifespan
    raise e
  File "d:\PROJECT\RE Colab\Curious-Bee-AI-Module\SINU\semantic search\app\main.py", line 40, in lifespan
    vectors_config=VectorParams(distance=Distance.COSINE),
                   ~~~~~~~~~~~~^^^^^^^^^^^^^^^^^^^^^^^^^^
  File "d:\PROJECT\RE Colab\Curious-Bee-AI-Module\.venv\Lib\site-packages\pydantic\main.py", line 263, in __init__
    validated_self = self.__pydantic_validator__.validate_python(data, self_instance=self)
pydantic_core._pydantic_core.ValidationError: 1 validation error for VectorParams
size
  Field required [type=missing, input_value={'distance': <Distance.COSINE: 'Cosine'>}, input_type=dict]
    For further information visit https://errors.pydantic.dev/2.13/v/missing

2026-06-01 23:33:42,006 - uvicorn.error - ERROR - Application startup failed. Exiting.
2026-06-01 23:33:49,839 - uvicorn.error - WARNING - StatReload detected changes in 'SINU\semantic search\app\main.py'. Reloading...
2026-06-01 23:33:55,950 - uvicorn.error - INFO - Started server process [16232]
2026-06-01 23:33:55,950 - uvicorn.error - INFO - Waiting for application startup.
2026-06-01 23:33:56,017 - httpx - INFO - HTTP Request: GET http://localhost:6333 "HTTP/1.1 200 OK"
2026-06-01 23:33:56,018 - httpx - INFO - HTTP Request: GET http://localhost:6333/collections "HTTP/1.1 200 OK"
2026-06-01 23:33:56,020 - main - ERROR - Error initializing Server: 1 validation error for VectorParams
size
  Field required [type=missing, input_value={'distance': <Distance.COSINE: 'Cosine'>}, input_type=dict]
    For further information visit https://errors.pydantic.dev/2.13/v/missing
2026-06-01 23:33:56,024 - uvicorn.error - ERROR - Traceback (most recent call last):
  File "d:\PROJECT\RE Colab\Curious-Bee-AI-Module\.venv\Lib\site-packages\starlette\routing.py", line 638, in lifespan
    async with self.lifespan_context(app) as maybe_state:
               ~~~~~~~~~~~~~~~~~~~~~^^^^^
  File "C:\Users\sinub\AppData\Roaming\uv\python\cpython-3.14-windows-x86_64-none\Lib\contextlib.py", line 214, in __aenter__
    return await anext(self.gen)
           ^^^^^^^^^^^^^^^^^^^^^
  File "d:\PROJECT\RE Colab\Curious-Bee-AI-Module\.venv\Lib\site-packages\fastapi\routing.py", line 216, in merged_lifespan
    async with original_context(app) as maybe_original_state:
               ~~~~~~~~~~~~~~~~^^^^^
  File "C:\Users\sinub\AppData\Roaming\uv\python\cpython-3.14-windows-x86_64-none\Lib\contextlib.py", line 214, in __aenter__
    return await anext(self.gen)
           ^^^^^^^^^^^^^^^^^^^^^
  File "d:\PROJECT\RE Colab\Curious-Bee-AI-Module\SINU\semantic search\app\main.py", line 78, in lifespan
    raise e
  File "d:\PROJECT\RE Colab\Curious-Bee-AI-Module\SINU\semantic search\app\main.py", line 40, in lifespan
    vectors_config=VectorParams(distance=Distance.COSINE),
                   ~~~~~~~~~~~~^^^^^^^^^^^^^^^^^^^^^^^^^^
  File "d:\PROJECT\RE Colab\Curious-Bee-AI-Module\.venv\Lib\site-packages\pydantic\main.py", line 263, in __init__
    validated_self = self.__pydantic_validator__.validate_python(data, self_instance=self)
pydantic_core._pydantic_core.ValidationError: 1 validation error for VectorParams
size
  Field required [type=missing, input_value={'distance': <Distance.COSINE: 'Cosine'>}, input_type=dict]
    For further information visit https://errors.pydantic.dev/2.13/v/missing

2026-06-01 23:33:56,024 - uvicorn.error - ERROR - Application startup failed. Exiting.
2026-06-01 23:34:30,030 - uvicorn.error - WARNING - StatReload detected changes in 'SINU\semantic search\app\main.py'. Reloading...
2026-06-01 23:34:36,124 - uvicorn.error - INFO - Started server process [53076]
2026-06-01 23:34:36,125 - uvicorn.error - INFO - Waiting for application startup.
2026-06-01 23:34:36,187 - httpx - INFO - HTTP Request: GET http://localhost:6333/collections "HTTP/1.1 200 OK"
2026-06-01 23:34:36,188 - httpx - INFO - HTTP Request: GET http://localhost:6333 "HTTP/1.1 200 OK"
2026-06-01 23:34:36,607 - httpx - INFO - HTTP Request: PUT http://localhost:6333/collections/RECOLAB "HTTP/1.1 200 OK"
2026-06-01 23:34:36,608 - main - INFO - Created Qdrant collection 'RECOLAB'
2026-06-01 23:34:42,006 - httpx - INFO - HTTP Request: HEAD https://huggingface.co/sentence-transformers/all-MiniLM-L6-v2/resolve/main/modules.json "HTTP/1.1 307 Temporary Redirect"
2026-06-01 23:34:42,060 - httpx - INFO - HTTP Request: HEAD https://huggingface.co/api/resolve-cache/models/sentence-transformers/all-MiniLM-L6-v2/1110a243fdf4706b3f48f1d95db1a4f5529b4d41/modules.json "HTTP/1.1 200 OK"
2026-06-01 23:34:42,381 - httpx - INFO - HTTP Request: HEAD https://huggingface.co/sentence-transformers/all-MiniLM-L6-v2/resolve/main/config_sentence_transformers.json "HTTP/1.1 307 Temporary Redirect"
2026-06-01 23:34:42,437 - httpx - INFO - HTTP Request: HEAD https://huggingface.co/api/resolve-cache/models/sentence-transformers/all-MiniLM-L6-v2/1110a243fdf4706b3f48f1d95db1a4f5529b4d41/config_sentence_transformers.json "HTTP/1.1 200 OK"
2026-06-01 23:34:42,439 - sentence_transformers.base.model - INFO - Loading SentenceTransformer model from sentence-transformers/all-MiniLM-L6-v2.
2026-06-01 23:34:42,721 - httpx - INFO - HTTP Request: HEAD https://huggingface.co/sentence-transformers/all-MiniLM-L6-v2/resolve/main/config_sentence_transformers.json "HTTP/1.1 307 Temporary Redirect"
2026-06-01 23:34:42,780 - httpx - INFO - HTTP Request: HEAD https://huggingface.co/api/resolve-cache/models/sentence-transformers/all-MiniLM-L6-v2/1110a243fdf4706b3f48f1d95db1a4f5529b4d41/config_sentence_transformers.json "HTTP/1.1 200 OK"
2026-06-01 23:34:43,241 - httpx - INFO - HTTP Request: HEAD https://huggingface.co/sentence-transformers/all-MiniLM-L6-v2/resolve/main/README.md "HTTP/1.1 307 Temporary Redirect"
2026-06-01 23:34:43,313 - httpx - INFO - HTTP Request: HEAD https://huggingface.co/api/resolve-cache/models/sentence-transformers/all-MiniLM-L6-v2/1110a243fdf4706b3f48f1d95db1a4f5529b4d41/README.md "HTTP/1.1 200 OK"
2026-06-01 23:34:43,651 - httpx - INFO - HTTP Request: HEAD https://huggingface.co/sentence-transformers/all-MiniLM-L6-v2/resolve/main/modules.json "HTTP/1.1 307 Temporary Redirect"
2026-06-01 23:34:43,716 - httpx - INFO - HTTP Request: HEAD https://huggingface.co/api/resolve-cache/models/sentence-transformers/all-MiniLM-L6-v2/1110a243fdf4706b3f48f1d95db1a4f5529b4d41/modules.json "HTTP/1.1 200 OK"
2026-06-01 23:34:44,042 - httpx - INFO - HTTP Request: HEAD https://huggingface.co/sentence-transformers/all-MiniLM-L6-v2/resolve/main/sentence_bert_config.json "HTTP/1.1 307 Temporary Redirect"
2026-06-01 23:34:44,238 - httpx - INFO - HTTP Request: HEAD https://huggingface.co/api/resolve-cache/models/sentence-transformers/all-MiniLM-L6-v2/1110a243fdf4706b3f48f1d95db1a4f5529b4d41/sentence_bert_config.json "HTTP/1.1 200 OK"
2026-06-01 23:34:44,572 - httpx - INFO - HTTP Request: HEAD https://huggingface.co/sentence-transformers/all-MiniLM-L6-v2/resolve/main/adapter_config.json "HTTP/1.1 404 Not Found"
2026-06-01 23:34:44,880 - httpx - INFO - HTTP Request: HEAD https://huggingface.co/sentence-transformers/all-MiniLM-L6-v2/resolve/main/config.json "HTTP/1.1 307 Temporary Redirect"
2026-06-01 23:34:44,955 - httpx - INFO - HTTP Request: HEAD https://huggingface.co/api/resolve-cache/models/sentence-transformers/all-MiniLM-L6-v2/1110a243fdf4706b3f48f1d95db1a4f5529b4d41/config.json "HTTP/1.1 200 OK"
2026-06-01 23:34:45,494 - httpx - INFO - HTTP Request: HEAD https://huggingface.co/sentence-transformers/all-MiniLM-L6-v2/resolve/main/processor_config.json "HTTP/1.1 404 Not Found"
2026-06-01 23:34:45,801 - httpx - INFO - HTTP Request: HEAD https://huggingface.co/sentence-transformers/all-MiniLM-L6-v2/resolve/main/preprocessor_config.json "HTTP/1.1 404 Not Found"
2026-06-01 23:34:46,281 - httpx - INFO - HTTP Request: HEAD https://huggingface.co/sentence-transformers/all-MiniLM-L6-v2/resolve/main/video_preprocessor_config.json "HTTP/1.1 404 Not Found"
2026-06-01 23:34:46,560 - httpx - INFO - HTTP Request: HEAD https://huggingface.co/sentence-transformers/all-MiniLM-L6-v2/resolve/main/preprocessor_config.json "HTTP/1.1 404 Not Found"
2026-06-01 23:34:46,927 - httpx - INFO - HTTP Request: HEAD https://huggingface.co/sentence-transformers/all-MiniLM-L6-v2/resolve/main/tokenizer_config.json "HTTP/1.1 307 Temporary Redirect"
2026-06-01 23:34:46,992 - httpx - INFO - HTTP Request: HEAD https://huggingface.co/api/resolve-cache/models/sentence-transformers/all-MiniLM-L6-v2/1110a243fdf4706b3f48f1d95db1a4f5529b4d41/tokenizer_config.json "HTTP/1.1 200 OK"
2026-06-01 23:34:47,337 - httpx - INFO - HTTP Request: HEAD https://huggingface.co/sentence-transformers/all-MiniLM-L6-v2/resolve/main/config.json "HTTP/1.1 307 Temporary Redirect"
2026-06-01 23:34:47,418 - httpx - INFO - HTTP Request: HEAD https://huggingface.co/api/resolve-cache/models/sentence-transformers/all-MiniLM-L6-v2/1110a243fdf4706b3f48f1d95db1a4f5529b4d41/config.json "HTTP/1.1 200 OK"
2026-06-01 23:34:47,697 - httpx - INFO - HTTP Request: HEAD https://huggingface.co/sentence-transformers/all-MiniLM-L6-v2/resolve/main/config.json "HTTP/1.1 307 Temporary Redirect"
2026-06-01 23:34:47,765 - httpx - INFO - HTTP Request: HEAD https://huggingface.co/api/resolve-cache/models/sentence-transformers/all-MiniLM-L6-v2/1110a243fdf4706b3f48f1d95db1a4f5529b4d41/config.json "HTTP/1.1 200 OK"
2026-06-01 23:34:48,046 - httpx - INFO - HTTP Request: HEAD https://huggingface.co/sentence-transformers/all-MiniLM-L6-v2/resolve/main/tokenizer_config.json "HTTP/1.1 307 Temporary Redirect"
2026-06-01 23:34:48,118 - httpx - INFO - HTTP Request: HEAD https://huggingface.co/api/resolve-cache/models/sentence-transformers/all-MiniLM-L6-v2/1110a243fdf4706b3f48f1d95db1a4f5529b4d41/tokenizer_config.json "HTTP/1.1 200 OK"
2026-06-01 23:34:48,463 - httpx - INFO - HTTP Request: GET https://huggingface.co/api/models/sentence-transformers/all-MiniLM-L6-v2/tree/main/additional_chat_templates?recursive=false&expand=false "HTTP/1.1 404 Not Found"
2026-06-01 23:34:48,740 - httpx - INFO - HTTP Request: GET https://huggingface.co/api/models/sentence-transformers/all-MiniLM-L6-v2/tree/main?recursive=true&expand=false "HTTP/1.1 200 OK"
2026-06-01 23:34:49,313 - httpx - INFO - HTTP Request: HEAD https://huggingface.co/sentence-transformers/all-MiniLM-L6-v2/resolve/main/1_Pooling/config.json "HTTP/1.1 307 Temporary Redirect"
2026-06-01 23:34:49,608 - httpx - INFO - HTTP Request: HEAD https://huggingface.co/api/resolve-cache/models/sentence-transformers/all-MiniLM-L6-v2/1110a243fdf4706b3f48f1d95db1a4f5529b4d41/1_Pooling%2Fconfig.json "HTTP/1.1 200 OK"
2026-06-01 23:34:49,906 - uvicorn.error - WARNING - StatReload detected changes in 'SINU\semantic search\app\main.py'. Reloading...
2026-06-01 23:34:50,137 - httpx - INFO - HTTP Request: GET https://huggingface.co/api/models/sentence-transformers/all-MiniLM-L6-v2 "HTTP/1.1 200 OK"
2026-06-01 23:34:50,173 - httpx - INFO - HTTP Request: GET http://localhost:6333/collections/RECOLAB "HTTP/1.1 200 OK"
2026-06-01 23:34:50,208 - main - INFO - Server is ready!
2026-06-01 23:34:50,208 - main - INFO - FastAPI server is ready!
2026-06-01 23:34:50,208 - main - INFO - Swagger UI  ->  http://localhost:8000/docs
2026-06-01 23:34:50,209 - main - INFO - Home Page   ->  http://localhost:8000
2026-06-01 23:34:50,209 - uvicorn.error - INFO - Application startup complete.
2026-06-01 23:34:50,209 - uvicorn.error - INFO - Shutting down
2026-06-01 23:34:50,315 - uvicorn.error - INFO - Waiting for application shutdown.
2026-06-01 23:34:50,316 - main - INFO - Shutting down server...
2026-06-01 23:34:50,316 - uvicorn.error - INFO - Application shutdown complete.
2026-06-01 23:34:50,316 - uvicorn.error - INFO - Finished server process [53076]
2026-06-01 23:34:56,051 - uvicorn.error - WARNING - StatReload detected changes in 'SINU\semantic search\app\main.py'. Reloading...
2026-06-01 23:35:02,650 - uvicorn.error - INFO - Started server process [53792]
2026-06-01 23:35:02,652 - uvicorn.error - INFO - Waiting for application startup.
2026-06-01 23:35:02,724 - httpx - INFO - HTTP Request: GET http://localhost:6333/collections "HTTP/1.1 200 OK"
2026-06-01 23:35:02,758 - httpx - INFO - HTTP Request: GET http://localhost:6333 "HTTP/1.1 200 OK"
2026-06-01 23:35:06,434 - httpx - INFO - HTTP Request: HEAD https://huggingface.co/sentence-transformers/all-MiniLM-L6-v2/resolve/main/modules.json "HTTP/1.1 307 Temporary Redirect"
2026-06-01 23:35:06,491 - httpx - INFO - HTTP Request: HEAD https://huggingface.co/api/resolve-cache/models/sentence-transformers/all-MiniLM-L6-v2/1110a243fdf4706b3f48f1d95db1a4f5529b4d41/modules.json "HTTP/1.1 200 OK"
2026-06-01 23:35:06,895 - httpx - INFO - HTTP Request: HEAD https://huggingface.co/sentence-transformers/all-MiniLM-L6-v2/resolve/main/config_sentence_transformers.json "HTTP/1.1 307 Temporary Redirect"
2026-06-01 23:35:06,960 - httpx - INFO - HTTP Request: HEAD https://huggingface.co/api/resolve-cache/models/sentence-transformers/all-MiniLM-L6-v2/1110a243fdf4706b3f48f1d95db1a4f5529b4d41/config_sentence_transformers.json "HTTP/1.1 200 OK"
2026-06-01 23:35:06,961 - sentence_transformers.base.model - INFO - Loading SentenceTransformer model from sentence-transformers/all-MiniLM-L6-v2.
2026-06-01 23:35:07,305 - httpx - INFO - HTTP Request: HEAD https://huggingface.co/sentence-transformers/all-MiniLM-L6-v2/resolve/main/config_sentence_transformers.json "HTTP/1.1 307 Temporary Redirect"
2026-06-01 23:35:07,376 - httpx - INFO - HTTP Request: HEAD https://huggingface.co/api/resolve-cache/models/sentence-transformers/all-MiniLM-L6-v2/1110a243fdf4706b3f48f1d95db1a4f5529b4d41/config_sentence_transformers.json "HTTP/1.1 200 OK"
2026-06-01 23:35:07,714 - httpx - INFO - HTTP Request: HEAD https://huggingface.co/sentence-transformers/all-MiniLM-L6-v2/resolve/main/README.md "HTTP/1.1 307 Temporary Redirect"
2026-06-01 23:35:07,766 - httpx - INFO - HTTP Request: HEAD https://huggingface.co/api/resolve-cache/models/sentence-transformers/all-MiniLM-L6-v2/1110a243fdf4706b3f48f1d95db1a4f5529b4d41/README.md "HTTP/1.1 200 OK"
2026-06-01 23:35:08,125 - httpx - INFO - HTTP Request: HEAD https://huggingface.co/sentence-transformers/all-MiniLM-L6-v2/resolve/main/modules.json "HTTP/1.1 307 Temporary Redirect"
2026-06-01 23:35:08,239 - httpx - INFO - HTTP Request: HEAD https://huggingface.co/api/resolve-cache/models/sentence-transformers/all-MiniLM-L6-v2/1110a243fdf4706b3f48f1d95db1a4f5529b4d41/modules.json "HTTP/1.1 200 OK"
2026-06-01 23:35:08,636 - httpx - INFO - HTTP Request: HEAD https://huggingface.co/sentence-transformers/all-MiniLM-L6-v2/resolve/main/sentence_bert_config.json "HTTP/1.1 307 Temporary Redirect"
2026-06-01 23:35:08,700 - httpx - INFO - HTTP Request: HEAD https://huggingface.co/api/resolve-cache/models/sentence-transformers/all-MiniLM-L6-v2/1110a243fdf4706b3f48f1d95db1a4f5529b4d41/sentence_bert_config.json "HTTP/1.1 200 OK"
2026-06-01 23:35:09,049 - httpx - INFO - HTTP Request: HEAD https://huggingface.co/sentence-transformers/all-MiniLM-L6-v2/resolve/main/adapter_config.json "HTTP/1.1 404 Not Found"
2026-06-01 23:35:09,353 - httpx - INFO - HTTP Request: HEAD https://huggingface.co/sentence-transformers/all-MiniLM-L6-v2/resolve/main/config.json "HTTP/1.1 307 Temporary Redirect"
2026-06-01 23:35:09,410 - httpx - INFO - HTTP Request: HEAD https://huggingface.co/api/resolve-cache/models/sentence-transformers/all-MiniLM-L6-v2/1110a243fdf4706b3f48f1d95db1a4f5529b4d41/config.json "HTTP/1.1 200 OK"
2026-06-01 23:35:09,822 - httpx - INFO - HTTP Request: HEAD https://huggingface.co/sentence-transformers/all-MiniLM-L6-v2/resolve/main/processor_config.json "HTTP/1.1 404 Not Found"
2026-06-01 23:35:10,172 - httpx - INFO - HTTP Request: HEAD https://huggingface.co/sentence-transformers/all-MiniLM-L6-v2/resolve/main/preprocessor_config.json "HTTP/1.1 404 Not Found"
2026-06-01 23:35:10,474 - httpx - INFO - HTTP Request: HEAD https://huggingface.co/sentence-transformers/all-MiniLM-L6-v2/resolve/main/video_preprocessor_config.json "HTTP/1.1 404 Not Found"
2026-06-01 23:35:10,788 - httpx - INFO - HTTP Request: HEAD https://huggingface.co/sentence-transformers/all-MiniLM-L6-v2/resolve/main/preprocessor_config.json "HTTP/1.1 404 Not Found"
2026-06-01 23:35:11,093 - httpx - INFO - HTTP Request: HEAD https://huggingface.co/sentence-transformers/all-MiniLM-L6-v2/resolve/main/tokenizer_config.json "HTTP/1.1 307 Temporary Redirect"
2026-06-01 23:35:11,150 - httpx - INFO - HTTP Request: HEAD https://huggingface.co/api/resolve-cache/models/sentence-transformers/all-MiniLM-L6-v2/1110a243fdf4706b3f48f1d95db1a4f5529b4d41/tokenizer_config.json "HTTP/1.1 200 OK"
2026-06-01 23:35:11,503 - httpx - INFO - HTTP Request: HEAD https://huggingface.co/sentence-transformers/all-MiniLM-L6-v2/resolve/main/config.json "HTTP/1.1 307 Temporary Redirect"
2026-06-01 23:35:11,574 - httpx - INFO - HTTP Request: HEAD https://huggingface.co/api/resolve-cache/models/sentence-transformers/all-MiniLM-L6-v2/1110a243fdf4706b3f48f1d95db1a4f5529b4d41/config.json "HTTP/1.1 200 OK"
2026-06-01 23:35:11,917 - httpx - INFO - HTTP Request: HEAD https://huggingface.co/sentence-transformers/all-MiniLM-L6-v2/resolve/main/config.json "HTTP/1.1 307 Temporary Redirect"
2026-06-01 23:35:11,989 - httpx - INFO - HTTP Request: HEAD https://huggingface.co/api/resolve-cache/models/sentence-transformers/all-MiniLM-L6-v2/1110a243fdf4706b3f48f1d95db1a4f5529b4d41/config.json "HTTP/1.1 200 OK"
2026-06-01 23:35:12,323 - httpx - INFO - HTTP Request: HEAD https://huggingface.co/sentence-transformers/all-MiniLM-L6-v2/resolve/main/tokenizer_config.json "HTTP/1.1 307 Temporary Redirect"
2026-06-01 23:35:12,380 - httpx - INFO - HTTP Request: HEAD https://huggingface.co/api/resolve-cache/models/sentence-transformers/all-MiniLM-L6-v2/1110a243fdf4706b3f48f1d95db1a4f5529b4d41/tokenizer_config.json "HTTP/1.1 200 OK"
2026-06-01 23:35:12,733 - httpx - INFO - HTTP Request: GET https://huggingface.co/api/models/sentence-transformers/all-MiniLM-L6-v2/tree/main/additional_chat_templates?recursive=false&expand=false "HTTP/1.1 404 Not Found"
2026-06-01 23:35:13,142 - httpx - INFO - HTTP Request: GET https://huggingface.co/api/models/sentence-transformers/all-MiniLM-L6-v2/tree/main?recursive=true&expand=false "HTTP/1.1 200 OK"
2026-06-01 23:35:13,551 - httpx - INFO - HTTP Request: HEAD https://huggingface.co/sentence-transformers/all-MiniLM-L6-v2/resolve/main/1_Pooling/config.json "HTTP/1.1 307 Temporary Redirect"
2026-06-01 23:35:13,616 - httpx - INFO - HTTP Request: HEAD https://huggingface.co/api/resolve-cache/models/sentence-transformers/all-MiniLM-L6-v2/1110a243fdf4706b3f48f1d95db1a4f5529b4d41/1_Pooling%2Fconfig.json "HTTP/1.1 200 OK"
2026-06-01 23:35:13,961 - httpx - INFO - HTTP Request: GET https://huggingface.co/api/models/sentence-transformers/all-MiniLM-L6-v2 "HTTP/1.1 200 OK"
2026-06-01 23:35:13,994 - httpx - INFO - HTTP Request: GET http://localhost:6333/collections/RECOLAB "HTTP/1.1 200 OK"
2026-06-01 23:35:14,024 - main - INFO - Server is ready!
2026-06-01 23:35:14,024 - main - INFO - FastAPI server is ready!
2026-06-01 23:35:14,024 - main - INFO - Swagger UI  ->  http://localhost:8000/docs
2026-06-01 23:35:14,024 - main - INFO - Home Page   ->  http://localhost:8000
2026-06-01 23:35:14,025 - uvicorn.error - INFO - Application startup complete.
2026-06-01 23:35:57,214 - uvicorn.error - WARNING - StatReload detected changes in 'SINU\semantic search\app\main.py'. Reloading...
2026-06-01 23:35:57,240 - uvicorn.error - INFO - Shutting down
2026-06-01 23:35:57,347 - uvicorn.error - INFO - Waiting for application shutdown.
2026-06-01 23:35:57,348 - main - INFO - Shutting down server...
2026-06-01 23:35:57,348 - uvicorn.error - INFO - Application shutdown complete.
2026-06-01 23:35:57,348 - uvicorn.error - INFO - Finished server process [53792]
2026-06-01 23:36:02,508 - uvicorn.error - WARNING - StatReload detected changes in 'SINU\semantic search\app\main.py'. Reloading...
2026-06-01 23:36:11,036 - uvicorn.error - INFO - Started server process [59324]
2026-06-01 23:36:11,037 - uvicorn.error - INFO - Waiting for application startup.
2026-06-01 23:36:11,115 - httpx - INFO - HTTP Request: GET http://localhost:6333/collections "HTTP/1.1 200 OK"
2026-06-01 23:36:11,116 - httpx - INFO - HTTP Request: GET http://localhost:6333 "HTTP/1.1 200 OK"
2026-06-01 23:36:16,117 - httpx - INFO - HTTP Request: HEAD https://huggingface.co/sentence-transformers/all-MiniLM-L6-v2/resolve/main/modules.json "HTTP/1.1 307 Temporary Redirect"
2026-06-01 23:36:16,184 - httpx - INFO - HTTP Request: HEAD https://huggingface.co/api/resolve-cache/models/sentence-transformers/all-MiniLM-L6-v2/1110a243fdf4706b3f48f1d95db1a4f5529b4d41/modules.json "HTTP/1.1 200 OK"
2026-06-01 23:36:16,527 - httpx - INFO - HTTP Request: HEAD https://huggingface.co/sentence-transformers/all-MiniLM-L6-v2/resolve/main/config_sentence_transformers.json "HTTP/1.1 307 Temporary Redirect"
2026-06-01 23:36:16,584 - httpx - INFO - HTTP Request: HEAD https://huggingface.co/api/resolve-cache/models/sentence-transformers/all-MiniLM-L6-v2/1110a243fdf4706b3f48f1d95db1a4f5529b4d41/config_sentence_transformers.json "HTTP/1.1 200 OK"
2026-06-01 23:36:16,586 - sentence_transformers.base.model - INFO - Loading SentenceTransformer model from sentence-transformers/all-MiniLM-L6-v2.
2026-06-01 23:36:16,937 - httpx - INFO - HTTP Request: HEAD https://huggingface.co/sentence-transformers/all-MiniLM-L6-v2/resolve/main/config_sentence_transformers.json "HTTP/1.1 307 Temporary Redirect"
2026-06-01 23:36:17,005 - httpx - INFO - HTTP Request: HEAD https://huggingface.co/api/resolve-cache/models/sentence-transformers/all-MiniLM-L6-v2/1110a243fdf4706b3f48f1d95db1a4f5529b4d41/config_sentence_transformers.json "HTTP/1.1 200 OK"
2026-06-01 23:36:17,346 - httpx - INFO - HTTP Request: HEAD https://huggingface.co/sentence-transformers/all-MiniLM-L6-v2/resolve/main/README.md "HTTP/1.1 307 Temporary Redirect"
2026-06-01 23:36:17,405 - httpx - INFO - HTTP Request: HEAD https://huggingface.co/api/resolve-cache/models/sentence-transformers/all-MiniLM-L6-v2/1110a243fdf4706b3f48f1d95db1a4f5529b4d41/README.md "HTTP/1.1 200 OK"
2026-06-01 23:36:17,755 - httpx - INFO - HTTP Request: HEAD https://huggingface.co/sentence-transformers/all-MiniLM-L6-v2/resolve/main/modules.json "HTTP/1.1 307 Temporary Redirect"
2026-06-01 23:36:17,809 - httpx - INFO - HTTP Request: HEAD https://huggingface.co/api/resolve-cache/models/sentence-transformers/all-MiniLM-L6-v2/1110a243fdf4706b3f48f1d95db1a4f5529b4d41/modules.json "HTTP/1.1 200 OK"
2026-06-01 23:36:18,165 - httpx - INFO - HTTP Request: HEAD https://huggingface.co/sentence-transformers/all-MiniLM-L6-v2/resolve/main/sentence_bert_config.json "HTTP/1.1 307 Temporary Redirect"
2026-06-01 23:36:18,225 - httpx - INFO - HTTP Request: HEAD https://huggingface.co/api/resolve-cache/models/sentence-transformers/all-MiniLM-L6-v2/1110a243fdf4706b3f48f1d95db1a4f5529b4d41/sentence_bert_config.json "HTTP/1.1 200 OK"
2026-06-01 23:36:18,575 - httpx - INFO - HTTP Request: HEAD https://huggingface.co/sentence-transformers/all-MiniLM-L6-v2/resolve/main/adapter_config.json "HTTP/1.1 404 Not Found"
2026-06-01 23:36:18,883 - httpx - INFO - HTTP Request: HEAD https://huggingface.co/sentence-transformers/all-MiniLM-L6-v2/resolve/main/config.json "HTTP/1.1 307 Temporary Redirect"
2026-06-01 23:36:18,939 - httpx - INFO - HTTP Request: HEAD https://huggingface.co/api/resolve-cache/models/sentence-transformers/all-MiniLM-L6-v2/1110a243fdf4706b3f48f1d95db1a4f5529b4d41/config.json "HTTP/1.1 200 OK"
2026-06-01 23:36:19,497 - httpx - INFO - HTTP Request: HEAD https://huggingface.co/sentence-transformers/all-MiniLM-L6-v2/resolve/main/processor_config.json "HTTP/1.1 404 Not Found"
2026-06-01 23:36:19,907 - httpx - INFO - HTTP Request: HEAD https://huggingface.co/sentence-transformers/all-MiniLM-L6-v2/resolve/main/preprocessor_config.json "HTTP/1.1 404 Not Found"
2026-06-01 23:36:20,214 - httpx - INFO - HTTP Request: HEAD https://huggingface.co/sentence-transformers/all-MiniLM-L6-v2/resolve/main/video_preprocessor_config.json "HTTP/1.1 404 Not Found"
2026-06-01 23:36:20,521 - httpx - INFO - HTTP Request: HEAD https://huggingface.co/sentence-transformers/all-MiniLM-L6-v2/resolve/main/preprocessor_config.json "HTTP/1.1 404 Not Found"
2026-06-01 23:36:20,829 - httpx - INFO - HTTP Request: HEAD https://huggingface.co/sentence-transformers/all-MiniLM-L6-v2/resolve/main/tokenizer_config.json "HTTP/1.1 307 Temporary Redirect"
2026-06-01 23:36:20,891 - httpx - INFO - HTTP Request: HEAD https://huggingface.co/api/resolve-cache/models/sentence-transformers/all-MiniLM-L6-v2/1110a243fdf4706b3f48f1d95db1a4f5529b4d41/tokenizer_config.json "HTTP/1.1 200 OK"
2026-06-01 23:36:21,180 - httpx - INFO - HTTP Request: HEAD https://huggingface.co/sentence-transformers/all-MiniLM-L6-v2/resolve/main/config.json "HTTP/1.1 307 Temporary Redirect"
2026-06-01 23:36:21,239 - httpx - INFO - HTTP Request: HEAD https://huggingface.co/api/resolve-cache/models/sentence-transformers/all-MiniLM-L6-v2/1110a243fdf4706b3f48f1d95db1a4f5529b4d41/config.json "HTTP/1.1 200 OK"
2026-06-01 23:36:21,544 - httpx - INFO - HTTP Request: HEAD https://huggingface.co/sentence-transformers/all-MiniLM-L6-v2/resolve/main/config.json "HTTP/1.1 307 Temporary Redirect"
2026-06-01 23:36:21,590 - httpx - INFO - HTTP Request: HEAD https://huggingface.co/api/resolve-cache/models/sentence-transformers/all-MiniLM-L6-v2/1110a243fdf4706b3f48f1d95db1a4f5529b4d41/config.json "HTTP/1.1 200 OK"
2026-06-01 23:36:21,955 - httpx - INFO - HTTP Request: HEAD https://huggingface.co/sentence-transformers/all-MiniLM-L6-v2/resolve/main/tokenizer_config.json "HTTP/1.1 307 Temporary Redirect"
2026-06-01 23:36:22,046 - httpx - INFO - HTTP Request: HEAD https://huggingface.co/api/resolve-cache/models/sentence-transformers/all-MiniLM-L6-v2/1110a243fdf4706b3f48f1d95db1a4f5529b4d41/tokenizer_config.json "HTTP/1.1 200 OK"
2026-06-01 23:36:22,364 - httpx - INFO - HTTP Request: GET https://huggingface.co/api/models/sentence-transformers/all-MiniLM-L6-v2/tree/main/additional_chat_templates?recursive=false&expand=false "HTTP/1.1 404 Not Found"
2026-06-01 23:36:22,671 - httpx - INFO - HTTP Request: GET https://huggingface.co/api/models/sentence-transformers/all-MiniLM-L6-v2/tree/main?recursive=true&expand=false "HTTP/1.1 200 OK"
2026-06-01 23:36:23,082 - httpx - INFO - HTTP Request: HEAD https://huggingface.co/sentence-transformers/all-MiniLM-L6-v2/resolve/main/1_Pooling/config.json "HTTP/1.1 307 Temporary Redirect"
2026-06-01 23:36:23,140 - httpx - INFO - HTTP Request: HEAD https://huggingface.co/api/resolve-cache/models/sentence-transformers/all-MiniLM-L6-v2/1110a243fdf4706b3f48f1d95db1a4f5529b4d41/1_Pooling%2Fconfig.json "HTTP/1.1 200 OK"
2026-06-01 23:36:23,490 - httpx - INFO - HTTP Request: GET https://huggingface.co/api/models/sentence-transformers/all-MiniLM-L6-v2 "HTTP/1.1 200 OK"
2026-06-01 23:36:23,503 - httpx - INFO - HTTP Request: GET http://localhost:6333/collections/RECOLAB "HTTP/1.1 200 OK"
2026-06-01 23:36:23,545 - main - INFO - Server is ready!
2026-06-01 23:36:23,545 - main - INFO - FastAPI server is ready!
2026-06-01 23:36:23,546 - main - INFO - Swagger UI  ->  http://localhost:8000/docs
2026-06-01 23:36:23,546 - main - INFO - Home Page   ->  http://localhost:8000
2026-06-01 23:36:23,546 - uvicorn.error - INFO - Application startup complete.
2026-06-01 23:36:27,068 - uvicorn.access - INFO - 127.0.0.1:54244 - "GET / HTTP/1.1" 200
2026-06-01 23:48:35,961 - uvicorn.error - WARNING - StatReload detected changes in 'SINU\semantic search\app\routes\api.py'. Reloading...
2026-06-01 23:48:36,002 - uvicorn.error - INFO - Shutting down
2026-06-01 23:48:36,110 - uvicorn.error - INFO - Waiting for application shutdown.
2026-06-01 23:48:36,112 - main - INFO - Shutting down server...
2026-06-01 23:48:36,113 - uvicorn.error - INFO - Application shutdown complete.
2026-06-01 23:48:36,113 - uvicorn.error - INFO - Finished server process [59324]
2026-06-01 23:48:42,152 - uvicorn.error - WARNING - StatReload detected changes in 'SINU\semantic search\app\routes\api.py'. Reloading...
2026-06-01 23:48:47,513 - uvicorn.error - WARNING - StatReload detected changes in 'SINU\semantic search\app\routes\api.py'. Reloading...
2026-06-01 23:48:51,761 - uvicorn.error - WARNING - StatReload detected changes in 'SINU\semantic search\app\routes\api.py'. Reloading...
2026-06-01 23:49:01,583 - uvicorn.error - WARNING - StatReload detected changes in 'SINU\semantic search\app\routes\api.py'. Reloading...
2026-06-01 23:49:09,281 - uvicorn.error - WARNING - StatReload detected changes in 'SINU\semantic search\app\routes\api.py'. Reloading...
2026-06-01 23:49:14,458 - uvicorn.error - WARNING - StatReload detected changes in 'SINU\semantic search\app\routes\api.py'. Reloading...
2026-06-01 23:49:22,846 - uvicorn.error - INFO - Started server process [45004]
2026-06-01 23:49:22,846 - uvicorn.error - INFO - Waiting for application startup.
2026-06-01 23:49:22,905 - httpx - INFO - HTTP Request: GET http://localhost:6333/collections "HTTP/1.1 200 OK"
2026-06-01 23:49:22,912 - httpx - INFO - HTTP Request: GET http://localhost:6333 "HTTP/1.1 200 OK"
2026-06-01 23:49:28,836 - uvicorn.error - WARNING - StatReload detected changes in 'SINU\semantic search\app\routes\api.py'. Reloading...
2026-06-01 23:49:33,788 - httpx - INFO - HTTP Request: HEAD https://huggingface.co/sentence-transformers/all-MiniLM-L6-v2/resolve/main/modules.json "HTTP/1.1 307 Temporary Redirect"
2026-06-01 23:49:35,267 - httpx - INFO - HTTP Request: HEAD https://huggingface.co/api/resolve-cache/models/sentence-transformers/all-MiniLM-L6-v2/1110a243fdf4706b3f48f1d95db1a4f5529b4d41/modules.json "HTTP/1.1 200 OK"
2026-06-01 23:49:36,713 - httpx - INFO - HTTP Request: HEAD https://huggingface.co/sentence-transformers/all-MiniLM-L6-v2/resolve/main/config_sentence_transformers.json "HTTP/1.1 307 Temporary Redirect"
2026-06-01 23:49:38,249 - httpx - INFO - HTTP Request: HEAD https://huggingface.co/api/resolve-cache/models/sentence-transformers/all-MiniLM-L6-v2/1110a243fdf4706b3f48f1d95db1a4f5529b4d41/config_sentence_transformers.json "HTTP/1.1 200 OK"
2026-06-01 23:49:38,252 - sentence_transformers.base.model - INFO - Loading SentenceTransformer model from sentence-transformers/all-MiniLM-L6-v2.
2026-06-01 23:49:40,069 - httpx - INFO - HTTP Request: HEAD https://huggingface.co/sentence-transformers/all-MiniLM-L6-v2/resolve/main/config_sentence_transformers.json "HTTP/1.1 307 Temporary Redirect"
2026-06-01 23:49:41,015 - httpx - INFO - HTTP Request: HEAD https://huggingface.co/api/resolve-cache/models/sentence-transformers/all-MiniLM-L6-v2/1110a243fdf4706b3f48f1d95db1a4f5529b4d41/config_sentence_transformers.json "HTTP/1.1 200 OK"
2026-06-01 23:49:42,782 - httpx - INFO - HTTP Request: HEAD https://huggingface.co/sentence-transformers/all-MiniLM-L6-v2/resolve/main/README.md "HTTP/1.1 307 Temporary Redirect"
2026-06-01 23:49:44,491 - httpx - INFO - HTTP Request: HEAD https://huggingface.co/api/resolve-cache/models/sentence-transformers/all-MiniLM-L6-v2/1110a243fdf4706b3f48f1d95db1a4f5529b4d41/README.md "HTTP/1.1 200 OK"
2026-06-01 23:49:46,035 - httpx - INFO - HTTP Request: HEAD https://huggingface.co/sentence-transformers/all-MiniLM-L6-v2/resolve/main/modules.json "HTTP/1.1 307 Temporary Redirect"
2026-06-01 23:49:47,490 - httpx - INFO - HTTP Request: HEAD https://huggingface.co/api/resolve-cache/models/sentence-transformers/all-MiniLM-L6-v2/1110a243fdf4706b3f48f1d95db1a4f5529b4d41/modules.json "HTTP/1.1 200 OK"
2026-06-01 23:49:49,134 - httpx - INFO - HTTP Request: HEAD https://huggingface.co/sentence-transformers/all-MiniLM-L6-v2/resolve/main/sentence_bert_config.json "HTTP/1.1 307 Temporary Redirect"
2026-06-01 23:49:50,134 - httpx - INFO - HTTP Request: HEAD https://huggingface.co/api/resolve-cache/models/sentence-transformers/all-MiniLM-L6-v2/1110a243fdf4706b3f48f1d95db1a4f5529b4d41/sentence_bert_config.json "HTTP/1.1 200 OK"
2026-06-01 23:49:51,650 - httpx - INFO - HTTP Request: HEAD https://huggingface.co/sentence-transformers/all-MiniLM-L6-v2/resolve/main/adapter_config.json "HTTP/1.1 404 Not Found"
2026-06-01 23:49:53,225 - httpx - INFO - HTTP Request: HEAD https://huggingface.co/sentence-transformers/all-MiniLM-L6-v2/resolve/main/config.json "HTTP/1.1 307 Temporary Redirect"
2026-06-01 23:49:54,548 - httpx - INFO - HTTP Request: HEAD https://huggingface.co/api/resolve-cache/models/sentence-transformers/all-MiniLM-L6-v2/1110a243fdf4706b3f48f1d95db1a4f5529b4d41/config.json "HTTP/1.1 200 OK"
2026-06-01 23:49:55,949 - httpx - INFO - HTTP Request: HEAD https://huggingface.co/sentence-transformers/all-MiniLM-L6-v2/resolve/main/processor_config.json "HTTP/1.1 404 Not Found"
2026-06-01 23:49:56,911 - httpx - INFO - HTTP Request: HEAD https://huggingface.co/sentence-transformers/all-MiniLM-L6-v2/resolve/main/preprocessor_config.json "HTTP/1.1 404 Not Found"
2026-06-01 23:49:57,823 - httpx - INFO - HTTP Request: HEAD https://huggingface.co/sentence-transformers/all-MiniLM-L6-v2/resolve/main/video_preprocessor_config.json "HTTP/1.1 404 Not Found"
2026-06-01 23:49:58,781 - httpx - INFO - HTTP Request: HEAD https://huggingface.co/sentence-transformers/all-MiniLM-L6-v2/resolve/main/preprocessor_config.json "HTTP/1.1 404 Not Found"
2026-06-01 23:49:59,786 - httpx - INFO - HTTP Request: HEAD https://huggingface.co/sentence-transformers/all-MiniLM-L6-v2/resolve/main/tokenizer_config.json "HTTP/1.1 307 Temporary Redirect"
2026-06-01 23:50:00,417 - httpx - INFO - HTTP Request: HEAD https://huggingface.co/api/resolve-cache/models/sentence-transformers/all-MiniLM-L6-v2/1110a243fdf4706b3f48f1d95db1a4f5529b4d41/tokenizer_config.json "HTTP/1.1 200 OK"
2026-06-01 23:50:00,977 - httpx - INFO - HTTP Request: HEAD https://huggingface.co/sentence-transformers/all-MiniLM-L6-v2/resolve/main/config.json "HTTP/1.1 307 Temporary Redirect"
2026-06-01 23:50:01,151 - httpx - INFO - HTTP Request: HEAD https://huggingface.co/api/resolve-cache/models/sentence-transformers/all-MiniLM-L6-v2/1110a243fdf4706b3f48f1d95db1a4f5529b4d41/config.json "HTTP/1.1 200 OK"
2026-06-01 23:50:01,558 - httpx - INFO - HTTP Request: HEAD https://huggingface.co/sentence-transformers/all-MiniLM-L6-v2/resolve/main/config.json "HTTP/1.1 307 Temporary Redirect"
2026-06-01 23:50:01,690 - httpx - INFO - HTTP Request: HEAD https://huggingface.co/api/resolve-cache/models/sentence-transformers/all-MiniLM-L6-v2/1110a243fdf4706b3f48f1d95db1a4f5529b4d41/config.json "HTTP/1.1 200 OK"
2026-06-01 23:50:01,989 - httpx - INFO - HTTP Request: HEAD https://huggingface.co/sentence-transformers/all-MiniLM-L6-v2/resolve/main/tokenizer_config.json "HTTP/1.1 307 Temporary Redirect"
2026-06-01 23:50:03,375 - httpx - INFO - HTTP Request: HEAD https://huggingface.co/api/resolve-cache/models/sentence-transformers/all-MiniLM-L6-v2/1110a243fdf4706b3f48f1d95db1a4f5529b4d41/tokenizer_config.json "HTTP/1.1 200 OK"
2026-06-01 23:50:04,061 - httpx - INFO - HTTP Request: GET https://huggingface.co/api/models/sentence-transformers/all-MiniLM-L6-v2/tree/main/additional_chat_templates?recursive=false&expand=false "HTTP/1.1 404 Not Found"
2026-06-01 23:50:04,399 - httpx - INFO - HTTP Request: GET https://huggingface.co/api/models/sentence-transformers/all-MiniLM-L6-v2/tree/main?recursive=true&expand=false "HTTP/1.1 200 OK"
2026-06-01 23:50:04,820 - httpx - INFO - HTTP Request: HEAD https://huggingface.co/sentence-transformers/all-MiniLM-L6-v2/resolve/main/1_Pooling/config.json "HTTP/1.1 307 Temporary Redirect"
2026-06-01 23:50:05,089 - httpx - INFO - HTTP Request: HEAD https://huggingface.co/api/resolve-cache/models/sentence-transformers/all-MiniLM-L6-v2/1110a243fdf4706b3f48f1d95db1a4f5529b4d41/1_Pooling%2Fconfig.json "HTTP/1.1 200 OK"
2026-06-01 23:50:05,619 - httpx - INFO - HTTP Request: GET https://huggingface.co/api/models/sentence-transformers/all-MiniLM-L6-v2 "HTTP/1.1 200 OK"
2026-06-01 23:50:05,647 - httpx - INFO - HTTP Request: GET http://localhost:6333/collections/RECOLAB "HTTP/1.1 200 OK"
2026-06-01 23:50:05,714 - main - INFO - Server is ready!
2026-06-01 23:50:05,714 - main - INFO - FastAPI server is ready!
2026-06-01 23:50:05,714 - main - INFO - Swagger UI  ->  http://localhost:8000/docs
2026-06-01 23:50:05,714 - main - INFO - Home Page   ->  http://localhost:8000
2026-06-01 23:50:05,715 - uvicorn.error - INFO - Application startup complete.
2026-06-01 23:50:05,715 - uvicorn.error - INFO - Shutting down
2026-06-01 23:50:05,830 - uvicorn.error - INFO - Waiting for application shutdown.
2026-06-01 23:50:05,832 - main - INFO - Shutting down server...
2026-06-01 23:50:05,833 - uvicorn.error - INFO - Application shutdown complete.
2026-06-01 23:50:05,833 - uvicorn.error - INFO - Finished server process [45004]
2026-06-01 23:50:16,034 - uvicorn.error - WARNING - StatReload detected changes in 'SINU\semantic search\app\routes\api.py'. Reloading...
2026-06-01 23:50:21,135 - uvicorn.error - WARNING - StatReload detected changes in 'SINU\semantic search\app\routes\api.py'. Reloading...
2026-06-01 23:50:26,134 - uvicorn.error - WARNING - StatReload detected changes in 'SINU\semantic search\app\routes\api.py'. Reloading...
2026-06-01 23:50:40,245 - uvicorn.error - WARNING - StatReload detected changes in 'SINU\semantic search\app\routes\api.py'. Reloading...
2026-06-01 23:50:49,405 - uvicorn.error - INFO - Started server process [51800]
2026-06-01 23:50:49,408 - uvicorn.error - INFO - Waiting for application startup.
2026-06-01 23:50:49,472 - httpx - INFO - HTTP Request: GET http://localhost:6333/collections "HTTP/1.1 200 OK"
2026-06-01 23:50:49,489 - httpx - INFO - HTTP Request: GET http://localhost:6333 "HTTP/1.1 200 OK"
2026-06-01 23:50:57,369 - httpx - INFO - HTTP Request: HEAD https://huggingface.co/sentence-transformers/all-MiniLM-L6-v2/resolve/main/modules.json "HTTP/1.1 307 Temporary Redirect"
2026-06-01 23:50:58,499 - httpx - INFO - HTTP Request: HEAD https://huggingface.co/api/resolve-cache/models/sentence-transformers/all-MiniLM-L6-v2/1110a243fdf4706b3f48f1d95db1a4f5529b4d41/modules.json "HTTP/1.1 200 OK"
2026-06-01 23:50:59,749 - httpx - INFO - HTTP Request: HEAD https://huggingface.co/sentence-transformers/all-MiniLM-L6-v2/resolve/main/config_sentence_transformers.json "HTTP/1.1 307 Temporary Redirect"
2026-06-01 23:51:01,289 - httpx - INFO - HTTP Request: HEAD https://huggingface.co/api/resolve-cache/models/sentence-transformers/all-MiniLM-L6-v2/1110a243fdf4706b3f48f1d95db1a4f5529b4d41/config_sentence_transformers.json "HTTP/1.1 200 OK"
2026-06-01 23:51:01,292 - sentence_transformers.base.model - INFO - Loading SentenceTransformer model from sentence-transformers/all-MiniLM-L6-v2.
2026-06-01 23:51:02,502 - httpx - INFO - HTTP Request: HEAD https://huggingface.co/sentence-transformers/all-MiniLM-L6-v2/resolve/main/config_sentence_transformers.json "HTTP/1.1 307 Temporary Redirect"
2026-06-01 23:51:03,649 - httpx - INFO - HTTP Request: HEAD https://huggingface.co/api/resolve-cache/models/sentence-transformers/all-MiniLM-L6-v2/1110a243fdf4706b3f48f1d95db1a4f5529b4d41/config_sentence_transformers.json "HTTP/1.1 200 OK"
2026-06-01 23:51:05,263 - httpx - INFO - HTTP Request: HEAD https://huggingface.co/sentence-transformers/all-MiniLM-L6-v2/resolve/main/README.md "HTTP/1.1 307 Temporary Redirect"
2026-06-01 23:51:06,669 - httpx - INFO - HTTP Request: HEAD https://huggingface.co/api/resolve-cache/models/sentence-transformers/all-MiniLM-L6-v2/1110a243fdf4706b3f48f1d95db1a4f5529b4d41/README.md "HTTP/1.1 200 OK"
2026-06-01 23:51:07,943 - httpx - INFO - HTTP Request: HEAD https://huggingface.co/sentence-transformers/all-MiniLM-L6-v2/resolve/main/modules.json "HTTP/1.1 307 Temporary Redirect"
2026-06-01 23:51:08,408 - httpx - INFO - HTTP Request: HEAD https://huggingface.co/api/resolve-cache/models/sentence-transformers/all-MiniLM-L6-v2/1110a243fdf4706b3f48f1d95db1a4f5529b4d41/modules.json "HTTP/1.1 200 OK"
2026-06-01 23:51:08,848 - httpx - INFO - HTTP Request: HEAD https://huggingface.co/sentence-transformers/all-MiniLM-L6-v2/resolve/main/sentence_bert_config.json "HTTP/1.1 307 Temporary Redirect"
2026-06-01 23:51:09,008 - httpx - INFO - HTTP Request: HEAD https://huggingface.co/api/resolve-cache/models/sentence-transformers/all-MiniLM-L6-v2/1110a243fdf4706b3f48f1d95db1a4f5529b4d41/sentence_bert_config.json "HTTP/1.1 200 OK"
2026-06-01 23:51:09,423 - httpx - INFO - HTTP Request: HEAD https://huggingface.co/sentence-transformers/all-MiniLM-L6-v2/resolve/main/adapter_config.json "HTTP/1.1 404 Not Found"
2026-06-01 23:51:09,737 - httpx - INFO - HTTP Request: HEAD https://huggingface.co/sentence-transformers/all-MiniLM-L6-v2/resolve/main/config.json "HTTP/1.1 307 Temporary Redirect"
2026-06-01 23:51:09,808 - httpx - INFO - HTTP Request: HEAD https://huggingface.co/api/resolve-cache/models/sentence-transformers/all-MiniLM-L6-v2/1110a243fdf4706b3f48f1d95db1a4f5529b4d41/config.json "HTTP/1.1 200 OK"
2026-06-01 23:51:10,411 - httpx - INFO - HTTP Request: HEAD https://huggingface.co/sentence-transformers/all-MiniLM-L6-v2/resolve/main/processor_config.json "HTTP/1.1 404 Not Found"
2026-06-01 23:51:10,899 - httpx - INFO - HTTP Request: HEAD https://huggingface.co/sentence-transformers/all-MiniLM-L6-v2/resolve/main/preprocessor_config.json "HTTP/1.1 404 Not Found"
2026-06-01 23:51:11,344 - httpx - INFO - HTTP Request: HEAD https://huggingface.co/sentence-transformers/all-MiniLM-L6-v2/resolve/main/video_preprocessor_config.json "HTTP/1.1 404 Not Found"
2026-06-01 23:51:11,826 - httpx - INFO - HTTP Request: HEAD https://huggingface.co/sentence-transformers/all-MiniLM-L6-v2/resolve/main/preprocessor_config.json "HTTP/1.1 404 Not Found"
2026-06-01 23:51:12,540 - httpx - INFO - HTTP Request: HEAD https://huggingface.co/sentence-transformers/all-MiniLM-L6-v2/resolve/main/tokenizer_config.json "HTTP/1.1 307 Temporary Redirect"
2026-06-01 23:51:13,329 - httpx - INFO - HTTP Request: HEAD https://huggingface.co/api/resolve-cache/models/sentence-transformers/all-MiniLM-L6-v2/1110a243fdf4706b3f48f1d95db1a4f5529b4d41/tokenizer_config.json "HTTP/1.1 200 OK"
2026-06-01 23:51:15,060 - httpx - INFO - HTTP Request: HEAD https://huggingface.co/sentence-transformers/all-MiniLM-L6-v2/resolve/main/config.json "HTTP/1.1 307 Temporary Redirect"
2026-06-01 23:51:16,233 - httpx - INFO - HTTP Request: HEAD https://huggingface.co/api/resolve-cache/models/sentence-transformers/all-MiniLM-L6-v2/1110a243fdf4706b3f48f1d95db1a4f5529b4d41/config.json "HTTP/1.1 200 OK"
2026-06-01 23:51:17,331 - httpx - INFO - HTTP Request: HEAD https://huggingface.co/sentence-transformers/all-MiniLM-L6-v2/resolve/main/config.json "HTTP/1.1 307 Temporary Redirect"
2026-06-01 23:51:17,488 - httpx - INFO - HTTP Request: HEAD https://huggingface.co/api/resolve-cache/models/sentence-transformers/all-MiniLM-L6-v2/1110a243fdf4706b3f48f1d95db1a4f5529b4d41/config.json "HTTP/1.1 200 OK"
2026-06-01 23:51:17,791 - httpx - INFO - HTTP Request: HEAD https://huggingface.co/sentence-transformers/all-MiniLM-L6-v2/resolve/main/tokenizer_config.json "HTTP/1.1 307 Temporary Redirect"
2026-06-01 23:51:17,870 - httpx - INFO - HTTP Request: HEAD https://huggingface.co/api/resolve-cache/models/sentence-transformers/all-MiniLM-L6-v2/1110a243fdf4706b3f48f1d95db1a4f5529b4d41/tokenizer_config.json "HTTP/1.1 200 OK"
2026-06-01 23:51:18,174 - httpx - INFO - HTTP Request: GET https://huggingface.co/api/models/sentence-transformers/all-MiniLM-L6-v2/tree/main/additional_chat_templates?recursive=false&expand=false "HTTP/1.1 404 Not Found"
2026-06-01 23:51:19,305 - httpx - INFO - HTTP Request: GET https://huggingface.co/api/models/sentence-transformers/all-MiniLM-L6-v2/tree/main?recursive=true&expand=false "HTTP/1.1 200 OK"
2026-06-01 23:51:20,259 - httpx - INFO - HTTP Request: HEAD https://huggingface.co/sentence-transformers/all-MiniLM-L6-v2/resolve/main/1_Pooling/config.json "HTTP/1.1 307 Temporary Redirect"
2026-06-01 23:51:21,210 - httpx - INFO - HTTP Request: HEAD https://huggingface.co/api/resolve-cache/models/sentence-transformers/all-MiniLM-L6-v2/1110a243fdf4706b3f48f1d95db1a4f5529b4d41/1_Pooling%2Fconfig.json "HTTP/1.1 200 OK"
2026-06-01 23:51:22,467 - httpx - INFO - HTTP Request: GET https://huggingface.co/api/models/sentence-transformers/all-MiniLM-L6-v2 "HTTP/1.1 200 OK"
2026-06-01 23:51:22,509 - httpx - INFO - HTTP Request: GET http://localhost:6333/collections/RECOLAB "HTTP/1.1 200 OK"
2026-06-01 23:51:22,571 - main - INFO - Server is ready!
2026-06-01 23:51:22,571 - main - INFO - FastAPI server is ready!
2026-06-01 23:51:22,576 - main - INFO - Swagger UI  ->  http://localhost:8000/docs
2026-06-01 23:51:22,577 - main - INFO - Home Page   ->  http://localhost:8000
2026-06-01 23:51:22,577 - uvicorn.error - INFO - Application startup complete.
2026-06-01 23:51:45,115 - uvicorn.error - WARNING - StatReload detected changes in 'SINU\semantic search\app\routes\api.py'. Reloading...
2026-06-01 23:51:45,148 - uvicorn.error - INFO - Shutting down
2026-06-01 23:51:45,256 - uvicorn.error - INFO - Waiting for application shutdown.
2026-06-01 23:51:45,256 - main - INFO - Shutting down server...
2026-06-01 23:51:45,257 - uvicorn.error - INFO - Application shutdown complete.
2026-06-01 23:51:45,257 - uvicorn.error - INFO - Finished server process [51800]
2026-06-01 23:51:52,672 - uvicorn.error - INFO - Started server process [58200]
2026-06-01 23:51:52,672 - uvicorn.error - INFO - Waiting for application startup.
2026-06-01 23:51:52,727 - httpx - INFO - HTTP Request: GET http://localhost:6333/collections "HTTP/1.1 200 OK"
2026-06-01 23:51:52,744 - httpx - INFO - HTTP Request: GET http://localhost:6333 "HTTP/1.1 200 OK"
2026-06-01 23:51:56,760 - httpx - INFO - HTTP Request: HEAD https://huggingface.co/sentence-transformers/all-MiniLM-L6-v2/resolve/main/modules.json "HTTP/1.1 307 Temporary Redirect"
2026-06-01 23:51:56,808 - httpx - INFO - HTTP Request: HEAD https://huggingface.co/api/resolve-cache/models/sentence-transformers/all-MiniLM-L6-v2/1110a243fdf4706b3f48f1d95db1a4f5529b4d41/modules.json "HTTP/1.1 200 OK"
2026-06-01 23:51:57,168 - httpx - INFO - HTTP Request: HEAD https://huggingface.co/sentence-transformers/all-MiniLM-L6-v2/resolve/main/config_sentence_transformers.json "HTTP/1.1 307 Temporary Redirect"
2026-06-01 23:51:57,248 - httpx - INFO - HTTP Request: HEAD https://huggingface.co/api/resolve-cache/models/sentence-transformers/all-MiniLM-L6-v2/1110a243fdf4706b3f48f1d95db1a4f5529b4d41/config_sentence_transformers.json "HTTP/1.1 200 OK"
2026-06-01 23:51:57,251 - sentence_transformers.base.model - INFO - Loading SentenceTransformer model from sentence-transformers/all-MiniLM-L6-v2.
2026-06-01 23:51:57,542 - httpx - INFO - HTTP Request: HEAD https://huggingface.co/sentence-transformers/all-MiniLM-L6-v2/resolve/main/config_sentence_transformers.json "HTTP/1.1 307 Temporary Redirect"
2026-06-01 23:51:57,610 - httpx - INFO - HTTP Request: HEAD https://huggingface.co/api/resolve-cache/models/sentence-transformers/all-MiniLM-L6-v2/1110a243fdf4706b3f48f1d95db1a4f5529b4d41/config_sentence_transformers.json "HTTP/1.1 200 OK"
2026-06-01 23:51:57,889 - httpx - INFO - HTTP Request: HEAD https://huggingface.co/sentence-transformers/all-MiniLM-L6-v2/resolve/main/README.md "HTTP/1.1 307 Temporary Redirect"
2026-06-01 23:51:57,968 - httpx - INFO - HTTP Request: HEAD https://huggingface.co/api/resolve-cache/models/sentence-transformers/all-MiniLM-L6-v2/1110a243fdf4706b3f48f1d95db1a4f5529b4d41/README.md "HTTP/1.1 200 OK"
2026-06-01 23:51:58,296 - httpx - INFO - HTTP Request: HEAD https://huggingface.co/sentence-transformers/all-MiniLM-L6-v2/resolve/main/modules.json "HTTP/1.1 307 Temporary Redirect"
2026-06-01 23:51:58,398 - httpx - INFO - HTTP Request: HEAD https://huggingface.co/api/resolve-cache/models/sentence-transformers/all-MiniLM-L6-v2/1110a243fdf4706b3f48f1d95db1a4f5529b4d41/modules.json "HTTP/1.1 200 OK"
2026-06-01 23:51:58,691 - httpx - INFO - HTTP Request: HEAD https://huggingface.co/sentence-transformers/all-MiniLM-L6-v2/resolve/main/sentence_bert_config.json "HTTP/1.1 307 Temporary Redirect"
2026-06-01 23:51:58,775 - httpx - INFO - HTTP Request: HEAD https://huggingface.co/api/resolve-cache/models/sentence-transformers/all-MiniLM-L6-v2/1110a243fdf4706b3f48f1d95db1a4f5529b4d41/sentence_bert_config.json "HTTP/1.1 200 OK"
2026-06-01 23:51:59,114 - httpx - INFO - HTTP Request: HEAD https://huggingface.co/sentence-transformers/all-MiniLM-L6-v2/resolve/main/adapter_config.json "HTTP/1.1 404 Not Found"
2026-06-01 23:51:59,422 - httpx - INFO - HTTP Request: HEAD https://huggingface.co/sentence-transformers/all-MiniLM-L6-v2/resolve/main/config.json "HTTP/1.1 307 Temporary Redirect"
2026-06-01 23:51:59,513 - httpx - INFO - HTTP Request: HEAD https://huggingface.co/api/resolve-cache/models/sentence-transformers/all-MiniLM-L6-v2/1110a243fdf4706b3f48f1d95db1a4f5529b4d41/config.json "HTTP/1.1 200 OK"
2026-06-01 23:51:59,973 - httpx - INFO - HTTP Request: HEAD https://huggingface.co/sentence-transformers/all-MiniLM-L6-v2/resolve/main/processor_config.json "HTTP/1.1 404 Not Found"
2026-06-01 23:52:01,426 - httpx - INFO - HTTP Request: HEAD https://huggingface.co/sentence-transformers/all-MiniLM-L6-v2/resolve/main/preprocessor_config.json "HTTP/1.1 404 Not Found"
2026-06-01 23:52:01,828 - httpx - INFO - HTTP Request: HEAD https://huggingface.co/sentence-transformers/all-MiniLM-L6-v2/resolve/main/video_preprocessor_config.json "HTTP/1.1 404 Not Found"
2026-06-01 23:52:02,186 - httpx - INFO - HTTP Request: HEAD https://huggingface.co/sentence-transformers/all-MiniLM-L6-v2/resolve/main/preprocessor_config.json "HTTP/1.1 404 Not Found"
2026-06-01 23:52:02,596 - httpx - INFO - HTTP Request: HEAD https://huggingface.co/sentence-transformers/all-MiniLM-L6-v2/resolve/main/tokenizer_config.json "HTTP/1.1 307 Temporary Redirect"
2026-06-01 23:52:02,673 - httpx - INFO - HTTP Request: HEAD https://huggingface.co/api/resolve-cache/models/sentence-transformers/all-MiniLM-L6-v2/1110a243fdf4706b3f48f1d95db1a4f5529b4d41/tokenizer_config.json "HTTP/1.1 200 OK"
2026-06-01 23:52:03,005 - httpx - INFO - HTTP Request: HEAD https://huggingface.co/sentence-transformers/all-MiniLM-L6-v2/resolve/main/config.json "HTTP/1.1 307 Temporary Redirect"
2026-06-01 23:52:03,096 - httpx - INFO - HTTP Request: HEAD https://huggingface.co/api/resolve-cache/models/sentence-transformers/all-MiniLM-L6-v2/1110a243fdf4706b3f48f1d95db1a4f5529b4d41/config.json "HTTP/1.1 200 OK"
2026-06-01 23:52:03,414 - httpx - INFO - HTTP Request: HEAD https://huggingface.co/sentence-transformers/all-MiniLM-L6-v2/resolve/main/config.json "HTTP/1.1 307 Temporary Redirect"
2026-06-01 23:52:03,491 - httpx - INFO - HTTP Request: HEAD https://huggingface.co/api/resolve-cache/models/sentence-transformers/all-MiniLM-L6-v2/1110a243fdf4706b3f48f1d95db1a4f5529b4d41/config.json "HTTP/1.1 200 OK"
2026-06-01 23:52:03,787 - httpx - INFO - HTTP Request: HEAD https://huggingface.co/sentence-transformers/all-MiniLM-L6-v2/resolve/main/tokenizer_config.json "HTTP/1.1 307 Temporary Redirect"
2026-06-01 23:52:03,849 - httpx - INFO - HTTP Request: HEAD https://huggingface.co/api/resolve-cache/models/sentence-transformers/all-MiniLM-L6-v2/1110a243fdf4706b3f48f1d95db1a4f5529b4d41/tokenizer_config.json "HTTP/1.1 200 OK"
2026-06-01 23:52:04,234 - httpx - INFO - HTTP Request: GET https://huggingface.co/api/models/sentence-transformers/all-MiniLM-L6-v2/tree/main/additional_chat_templates?recursive=false&expand=false "HTTP/1.1 404 Not Found"
2026-06-01 23:52:04,530 - httpx - INFO - HTTP Request: GET https://huggingface.co/api/models/sentence-transformers/all-MiniLM-L6-v2/tree/main?recursive=true&expand=false "HTTP/1.1 200 OK"
2026-06-01 23:52:04,951 - httpx - INFO - HTTP Request: HEAD https://huggingface.co/sentence-transformers/all-MiniLM-L6-v2/resolve/main/1_Pooling/config.json "HTTP/1.1 307 Temporary Redirect"
2026-06-01 23:52:05,029 - httpx - INFO - HTTP Request: HEAD https://huggingface.co/api/resolve-cache/models/sentence-transformers/all-MiniLM-L6-v2/1110a243fdf4706b3f48f1d95db1a4f5529b4d41/1_Pooling%2Fconfig.json "HTTP/1.1 200 OK"
2026-06-01 23:52:05,360 - httpx - INFO - HTTP Request: GET https://huggingface.co/api/models/sentence-transformers/all-MiniLM-L6-v2 "HTTP/1.1 200 OK"
2026-06-01 23:52:05,391 - httpx - INFO - HTTP Request: GET http://localhost:6333/collections/RECOLAB "HTTP/1.1 200 OK"
2026-06-01 23:52:05,432 - main - INFO - Server is ready!
2026-06-01 23:52:05,433 - main - INFO - FastAPI server is ready!
2026-06-01 23:52:05,433 - main - INFO - Swagger UI  ->  http://localhost:8000/docs
2026-06-01 23:52:05,433 - main - INFO - Home Page   ->  http://localhost:8000
2026-06-01 23:52:05,433 - uvicorn.error - INFO - Application startup complete.
2026-06-01 23:53:46,048 - uvicorn.error - WARNING - StatReload detected changes in 'SINU\semantic search\app\routes\api.py'. Reloading...
2026-06-01 23:53:46,142 - uvicorn.error - INFO - Shutting down
2026-06-01 23:53:46,252 - uvicorn.error - INFO - Waiting for application shutdown.
2026-06-01 23:53:46,252 - main - INFO - Shutting down server...
2026-06-01 23:53:46,253 - uvicorn.error - INFO - Application shutdown complete.
2026-06-01 23:53:46,253 - uvicorn.error - INFO - Finished server process [58200]
2026-06-01 23:53:54,446 - uvicorn.error - INFO - Started server process [18364]
2026-06-01 23:53:54,446 - uvicorn.error - INFO - Waiting for application startup.
2026-06-01 23:53:54,503 - httpx - INFO - HTTP Request: GET http://localhost:6333/collections "HTTP/1.1 200 OK"
2026-06-01 23:53:54,524 - httpx - INFO - HTTP Request: GET http://localhost:6333 "HTTP/1.1 200 OK"
2026-06-01 23:53:58,942 - httpx - INFO - HTTP Request: HEAD https://huggingface.co/sentence-transformers/all-MiniLM-L6-v2/resolve/main/modules.json "HTTP/1.1 307 Temporary Redirect"
2026-06-01 23:53:59,007 - httpx - INFO - HTTP Request: HEAD https://huggingface.co/api/resolve-cache/models/sentence-transformers/all-MiniLM-L6-v2/1110a243fdf4706b3f48f1d95db1a4f5529b4d41/modules.json "HTTP/1.1 200 OK"
2026-06-01 23:53:59,367 - httpx - INFO - HTTP Request: HEAD https://huggingface.co/sentence-transformers/all-MiniLM-L6-v2/resolve/main/config_sentence_transformers.json "HTTP/1.1 307 Temporary Redirect"
2026-06-01 23:53:59,447 - httpx - INFO - HTTP Request: HEAD https://huggingface.co/api/resolve-cache/models/sentence-transformers/all-MiniLM-L6-v2/1110a243fdf4706b3f48f1d95db1a4f5529b4d41/config_sentence_transformers.json "HTTP/1.1 200 OK"
2026-06-01 23:53:59,450 - sentence_transformers.base.model - INFO - Loading SentenceTransformer model from sentence-transformers/all-MiniLM-L6-v2.
2026-06-01 23:53:59,740 - httpx - INFO - HTTP Request: HEAD https://huggingface.co/sentence-transformers/all-MiniLM-L6-v2/resolve/main/config_sentence_transformers.json "HTTP/1.1 307 Temporary Redirect"
2026-06-01 23:53:59,833 - httpx - INFO - HTTP Request: HEAD https://huggingface.co/api/resolve-cache/models/sentence-transformers/all-MiniLM-L6-v2/1110a243fdf4706b3f48f1d95db1a4f5529b4d41/config_sentence_transformers.json "HTTP/1.1 200 OK"
2026-06-01 23:54:00,127 - httpx - INFO - HTTP Request: HEAD https://huggingface.co/sentence-transformers/all-MiniLM-L6-v2/resolve/main/README.md "HTTP/1.1 307 Temporary Redirect"
2026-06-01 23:54:00,193 - httpx - INFO - HTTP Request: HEAD https://huggingface.co/api/resolve-cache/models/sentence-transformers/all-MiniLM-L6-v2/1110a243fdf4706b3f48f1d95db1a4f5529b4d41/README.md "HTTP/1.1 200 OK"
2026-06-01 23:54:00,560 - httpx - INFO - HTTP Request: HEAD https://huggingface.co/sentence-transformers/all-MiniLM-L6-v2/resolve/main/modules.json "HTTP/1.1 307 Temporary Redirect"
2026-06-01 23:54:00,652 - httpx - INFO - HTTP Request: HEAD https://huggingface.co/api/resolve-cache/models/sentence-transformers/all-MiniLM-L6-v2/1110a243fdf4706b3f48f1d95db1a4f5529b4d41/modules.json "HTTP/1.1 200 OK"
2026-06-01 23:54:00,943 - httpx - INFO - HTTP Request: HEAD https://huggingface.co/sentence-transformers/all-MiniLM-L6-v2/resolve/main/sentence_bert_config.json "HTTP/1.1 307 Temporary Redirect"
2026-06-01 23:54:01,006 - httpx - INFO - HTTP Request: HEAD https://huggingface.co/api/resolve-cache/models/sentence-transformers/all-MiniLM-L6-v2/1110a243fdf4706b3f48f1d95db1a4f5529b4d41/sentence_bert_config.json "HTTP/1.1 200 OK"
2026-06-01 23:54:01,379 - httpx - INFO - HTTP Request: HEAD https://huggingface.co/sentence-transformers/all-MiniLM-L6-v2/resolve/main/adapter_config.json "HTTP/1.1 404 Not Found"
2026-06-01 23:54:01,686 - httpx - INFO - HTTP Request: HEAD https://huggingface.co/sentence-transformers/all-MiniLM-L6-v2/resolve/main/config.json "HTTP/1.1 307 Temporary Redirect"
2026-06-01 23:54:01,774 - httpx - INFO - HTTP Request: HEAD https://huggingface.co/api/resolve-cache/models/sentence-transformers/all-MiniLM-L6-v2/1110a243fdf4706b3f48f1d95db1a4f5529b4d41/config.json "HTTP/1.1 200 OK"
2026-06-01 23:54:02,300 - httpx - INFO - HTTP Request: HEAD https://huggingface.co/sentence-transformers/all-MiniLM-L6-v2/resolve/main/processor_config.json "HTTP/1.1 404 Not Found"
2026-06-01 23:54:02,710 - httpx - INFO - HTTP Request: HEAD https://huggingface.co/sentence-transformers/all-MiniLM-L6-v2/resolve/main/preprocessor_config.json "HTTP/1.1 404 Not Found"
2026-06-01 23:54:03,017 - httpx - INFO - HTTP Request: HEAD https://huggingface.co/sentence-transformers/all-MiniLM-L6-v2/resolve/main/video_preprocessor_config.json "HTTP/1.1 404 Not Found"
2026-06-01 23:54:03,325 - httpx - INFO - HTTP Request: HEAD https://huggingface.co/sentence-transformers/all-MiniLM-L6-v2/resolve/main/preprocessor_config.json "HTTP/1.1 404 Not Found"
2026-06-01 23:54:03,632 - httpx - INFO - HTTP Request: HEAD https://huggingface.co/sentence-transformers/all-MiniLM-L6-v2/resolve/main/tokenizer_config.json "HTTP/1.1 307 Temporary Redirect"
2026-06-01 23:54:03,728 - httpx - INFO - HTTP Request: HEAD https://huggingface.co/api/resolve-cache/models/sentence-transformers/all-MiniLM-L6-v2/1110a243fdf4706b3f48f1d95db1a4f5529b4d41/tokenizer_config.json "HTTP/1.1 200 OK"
2026-06-01 23:54:05,458 - httpx - INFO - HTTP Request: HEAD https://huggingface.co/sentence-transformers/all-MiniLM-L6-v2/resolve/main/config.json "HTTP/1.1 307 Temporary Redirect"
2026-06-01 23:54:06,028 - httpx - INFO - HTTP Request: HEAD https://huggingface.co/api/resolve-cache/models/sentence-transformers/all-MiniLM-L6-v2/1110a243fdf4706b3f48f1d95db1a4f5529b4d41/config.json "HTTP/1.1 200 OK"
2026-06-01 23:54:06,397 - httpx - INFO - HTTP Request: HEAD https://huggingface.co/sentence-transformers/all-MiniLM-L6-v2/resolve/main/config.json "HTTP/1.1 307 Temporary Redirect"
2026-06-01 23:54:06,448 - httpx - INFO - HTTP Request: HEAD https://huggingface.co/api/resolve-cache/models/sentence-transformers/all-MiniLM-L6-v2/1110a243fdf4706b3f48f1d95db1a4f5529b4d41/config.json "HTTP/1.1 200 OK"
2026-06-01 23:54:06,805 - httpx - INFO - HTTP Request: HEAD https://huggingface.co/sentence-transformers/all-MiniLM-L6-v2/resolve/main/tokenizer_config.json "HTTP/1.1 307 Temporary Redirect"
2026-06-01 23:54:06,867 - httpx - INFO - HTTP Request: HEAD https://huggingface.co/api/resolve-cache/models/sentence-transformers/all-MiniLM-L6-v2/1110a243fdf4706b3f48f1d95db1a4f5529b4d41/tokenizer_config.json "HTTP/1.1 200 OK"
2026-06-01 23:54:07,166 - httpx - INFO - HTTP Request: GET https://huggingface.co/api/models/sentence-transformers/all-MiniLM-L6-v2/tree/main/additional_chat_templates?recursive=false&expand=false "HTTP/1.1 404 Not Found"
2026-06-01 23:54:07,433 - httpx - INFO - HTTP Request: GET https://huggingface.co/api/models/sentence-transformers/all-MiniLM-L6-v2/tree/main?recursive=true&expand=false "HTTP/1.1 200 OK"
2026-06-01 23:54:07,830 - httpx - INFO - HTTP Request: HEAD https://huggingface.co/sentence-transformers/all-MiniLM-L6-v2/resolve/main/1_Pooling/config.json "HTTP/1.1 307 Temporary Redirect"
2026-06-01 23:54:07,906 - httpx - INFO - HTTP Request: HEAD https://huggingface.co/api/resolve-cache/models/sentence-transformers/all-MiniLM-L6-v2/1110a243fdf4706b3f48f1d95db1a4f5529b4d41/1_Pooling%2Fconfig.json "HTTP/1.1 200 OK"
2026-06-01 23:54:08,243 - httpx - INFO - HTTP Request: GET https://huggingface.co/api/models/sentence-transformers/all-MiniLM-L6-v2 "HTTP/1.1 200 OK"
2026-06-01 23:54:08,276 - httpx - INFO - HTTP Request: GET http://localhost:6333/collections/RECOLAB "HTTP/1.1 200 OK"
2026-06-01 23:54:08,325 - main - INFO - Server is ready!
2026-06-01 23:54:08,330 - main - INFO - FastAPI server is ready!
2026-06-01 23:54:08,331 - main - INFO - Swagger UI  ->  http://localhost:8000/docs
2026-06-01 23:54:08,331 - main - INFO - Home Page   ->  http://localhost:8000
2026-06-01 23:54:08,331 - uvicorn.error - INFO - Application startup complete.
2026-06-01 23:59:12,416 - uvicorn.access - INFO - 127.0.0.1:50380 - "GET /docs HTTP/1.1" 200
2026-06-01 23:59:12,839 - uvicorn.access - INFO - 127.0.0.1:50380 - "GET /openapi.json HTTP/1.1" 200
2026-06-01 23:59:35,340 - uvicorn.access - INFO - 127.0.0.1:51203 - "POST /add_vector HTTP/1.1" 422
2026-06-01 23:59:35,838 - uvicorn.access - INFO - 127.0.0.1:51203 - "POST /add_vector HTTP/1.1" 422
2026-06-02 00:01:06,849 - uvicorn.error - WARNING - StatReload detected changes in 'SINU\semantic search\app\routes\api.py'. Reloading...
2026-06-02 00:01:06,966 - uvicorn.error - INFO - Shutting down
2026-06-02 00:01:07,077 - uvicorn.error - INFO - Waiting for application shutdown.
2026-06-02 00:01:07,078 - main - INFO - Shutting down server...
2026-06-02 00:01:07,079 - uvicorn.error - INFO - Application shutdown complete.
2026-06-02 00:01:07,079 - uvicorn.error - INFO - Finished server process [18364]
2026-06-02 00:01:16,536 - uvicorn.error - INFO - Started server process [58900]
2026-06-02 00:01:16,536 - uvicorn.error - INFO - Waiting for application startup.
2026-06-02 00:01:16,618 - httpx - INFO - HTTP Request: GET http://localhost:6333/collections "HTTP/1.1 200 OK"
2026-06-02 00:01:16,627 - httpx - INFO - HTTP Request: GET http://localhost:6333 "HTTP/1.1 200 OK"
2026-06-02 00:01:22,311 - httpx - INFO - HTTP Request: HEAD https://huggingface.co/sentence-transformers/all-MiniLM-L6-v2/resolve/main/modules.json "HTTP/1.1 307 Temporary Redirect"
2026-06-02 00:01:22,426 - httpx - INFO - HTTP Request: HEAD https://huggingface.co/api/resolve-cache/models/sentence-transformers/all-MiniLM-L6-v2/1110a243fdf4706b3f48f1d95db1a4f5529b4d41/modules.json "HTTP/1.1 200 OK"
2026-06-02 00:01:22,823 - httpx - INFO - HTTP Request: HEAD https://huggingface.co/sentence-transformers/all-MiniLM-L6-v2/resolve/main/config_sentence_transformers.json "HTTP/1.1 307 Temporary Redirect"
2026-06-02 00:01:22,931 - httpx - INFO - HTTP Request: HEAD https://huggingface.co/api/resolve-cache/models/sentence-transformers/all-MiniLM-L6-v2/1110a243fdf4706b3f48f1d95db1a4f5529b4d41/config_sentence_transformers.json "HTTP/1.1 200 OK"
2026-06-02 00:01:22,934 - sentence_transformers.base.model - INFO - Loading SentenceTransformer model from sentence-transformers/all-MiniLM-L6-v2.
2026-06-02 00:01:23,216 - httpx - INFO - HTTP Request: HEAD https://huggingface.co/sentence-transformers/all-MiniLM-L6-v2/resolve/main/config_sentence_transformers.json "HTTP/1.1 307 Temporary Redirect"
2026-06-02 00:01:23,281 - httpx - INFO - HTTP Request: HEAD https://huggingface.co/api/resolve-cache/models/sentence-transformers/all-MiniLM-L6-v2/1110a243fdf4706b3f48f1d95db1a4f5529b4d41/config_sentence_transformers.json "HTTP/1.1 200 OK"
2026-06-02 00:01:23,567 - httpx - INFO - HTTP Request: HEAD https://huggingface.co/sentence-transformers/all-MiniLM-L6-v2/resolve/main/README.md "HTTP/1.1 307 Temporary Redirect"
2026-06-02 00:01:23,627 - httpx - INFO - HTTP Request: HEAD https://huggingface.co/api/resolve-cache/models/sentence-transformers/all-MiniLM-L6-v2/1110a243fdf4706b3f48f1d95db1a4f5529b4d41/README.md "HTTP/1.1 200 OK"
2026-06-02 00:01:23,950 - httpx - INFO - HTTP Request: HEAD https://huggingface.co/sentence-transformers/all-MiniLM-L6-v2/resolve/main/modules.json "HTTP/1.1 307 Temporary Redirect"
2026-06-02 00:01:24,241 - httpx - INFO - HTTP Request: HEAD https://huggingface.co/api/resolve-cache/models/sentence-transformers/all-MiniLM-L6-v2/1110a243fdf4706b3f48f1d95db1a4f5529b4d41/modules.json "HTTP/1.1 200 OK"
2026-06-02 00:01:24,776 - httpx - INFO - HTTP Request: HEAD https://huggingface.co/sentence-transformers/all-MiniLM-L6-v2/resolve/main/sentence_bert_config.json "HTTP/1.1 307 Temporary Redirect"
2026-06-02 00:01:26,081 - httpx - INFO - HTTP Request: HEAD https://huggingface.co/api/resolve-cache/models/sentence-transformers/all-MiniLM-L6-v2/1110a243fdf4706b3f48f1d95db1a4f5529b4d41/sentence_bert_config.json "HTTP/1.1 200 OK"
2026-06-02 00:01:27,281 - httpx - INFO - HTTP Request: HEAD https://huggingface.co/sentence-transformers/all-MiniLM-L6-v2/resolve/main/adapter_config.json "HTTP/1.1 404 Not Found"
2026-06-02 00:01:28,213 - httpx - INFO - HTTP Request: HEAD https://huggingface.co/sentence-transformers/all-MiniLM-L6-v2/resolve/main/config.json "HTTP/1.1 307 Temporary Redirect"
2026-06-02 00:01:28,285 - httpx - INFO - HTTP Request: HEAD https://huggingface.co/api/resolve-cache/models/sentence-transformers/all-MiniLM-L6-v2/1110a243fdf4706b3f48f1d95db1a4f5529b4d41/config.json "HTTP/1.1 200 OK"
2026-06-02 00:01:28,866 - httpx - INFO - HTTP Request: HEAD https://huggingface.co/sentence-transformers/all-MiniLM-L6-v2/resolve/main/processor_config.json "HTTP/1.1 404 Not Found"
2026-06-02 00:01:29,172 - httpx - INFO - HTTP Request: HEAD https://huggingface.co/sentence-transformers/all-MiniLM-L6-v2/resolve/main/preprocessor_config.json "HTTP/1.1 404 Not Found"
2026-06-02 00:01:29,493 - httpx - INFO - HTTP Request: HEAD https://huggingface.co/sentence-transformers/all-MiniLM-L6-v2/resolve/main/video_preprocessor_config.json "HTTP/1.1 404 Not Found"
2026-06-02 00:01:29,992 - httpx - INFO - HTTP Request: HEAD https://huggingface.co/sentence-transformers/all-MiniLM-L6-v2/resolve/main/preprocessor_config.json "HTTP/1.1 404 Not Found"
2026-06-02 00:01:30,307 - httpx - INFO - HTTP Request: HEAD https://huggingface.co/sentence-transformers/all-MiniLM-L6-v2/resolve/main/tokenizer_config.json "HTTP/1.1 307 Temporary Redirect"
2026-06-02 00:01:30,509 - httpx - INFO - HTTP Request: HEAD https://huggingface.co/api/resolve-cache/models/sentence-transformers/all-MiniLM-L6-v2/1110a243fdf4706b3f48f1d95db1a4f5529b4d41/tokenizer_config.json "HTTP/1.1 200 OK"
2026-06-02 00:01:30,912 - httpx - INFO - HTTP Request: HEAD https://huggingface.co/sentence-transformers/all-MiniLM-L6-v2/resolve/main/config.json "HTTP/1.1 307 Temporary Redirect"
2026-06-02 00:01:31,117 - httpx - INFO - HTTP Request: HEAD https://huggingface.co/api/resolve-cache/models/sentence-transformers/all-MiniLM-L6-v2/1110a243fdf4706b3f48f1d95db1a4f5529b4d41/config.json "HTTP/1.1 200 OK"
2026-06-02 00:01:31,408 - httpx - INFO - HTTP Request: HEAD https://huggingface.co/sentence-transformers/all-MiniLM-L6-v2/resolve/main/config.json "HTTP/1.1 307 Temporary Redirect"
2026-06-02 00:01:32,039 - httpx - INFO - HTTP Request: HEAD https://huggingface.co/api/resolve-cache/models/sentence-transformers/all-MiniLM-L6-v2/1110a243fdf4706b3f48f1d95db1a4f5529b4d41/config.json "HTTP/1.1 200 OK"
2026-06-02 00:01:33,070 - httpx - INFO - HTTP Request: HEAD https://huggingface.co/sentence-transformers/all-MiniLM-L6-v2/resolve/main/tokenizer_config.json "HTTP/1.1 307 Temporary Redirect"
2026-06-02 00:01:33,525 - httpx - INFO - HTTP Request: HEAD https://huggingface.co/api/resolve-cache/models/sentence-transformers/all-MiniLM-L6-v2/1110a243fdf4706b3f48f1d95db1a4f5529b4d41/tokenizer_config.json "HTTP/1.1 200 OK"
2026-06-02 00:01:34,189 - httpx - INFO - HTTP Request: GET https://huggingface.co/api/models/sentence-transformers/all-MiniLM-L6-v2/tree/main/additional_chat_templates?recursive=false&expand=false "HTTP/1.1 404 Not Found"
2026-06-02 00:01:34,453 - httpx - INFO - HTTP Request: GET https://huggingface.co/api/models/sentence-transformers/all-MiniLM-L6-v2/tree/main?recursive=true&expand=false "HTTP/1.1 200 OK"
2026-06-02 00:01:34,906 - httpx - INFO - HTTP Request: HEAD https://huggingface.co/sentence-transformers/all-MiniLM-L6-v2/resolve/main/1_Pooling/config.json "HTTP/1.1 307 Temporary Redirect"
2026-06-02 00:01:35,041 - httpx - INFO - HTTP Request: HEAD https://huggingface.co/api/resolve-cache/models/sentence-transformers/all-MiniLM-L6-v2/1110a243fdf4706b3f48f1d95db1a4f5529b4d41/1_Pooling%2Fconfig.json "HTTP/1.1 200 OK"
2026-06-02 00:01:35,546 - httpx - INFO - HTTP Request: GET https://huggingface.co/api/models/sentence-transformers/all-MiniLM-L6-v2 "HTTP/1.1 200 OK"
2026-06-02 00:01:35,602 - httpx - INFO - HTTP Request: GET http://localhost:6333/collections/RECOLAB "HTTP/1.1 200 OK"
2026-06-02 00:01:35,643 - main - INFO - Server is ready!
2026-06-02 00:01:35,643 - main - INFO - FastAPI server is ready!
2026-06-02 00:01:35,643 - main - INFO - Swagger UI  ->  http://localhost:8000/docs
2026-06-02 00:01:35,643 - main - INFO - Home Page   ->  http://localhost:8000
2026-06-02 00:01:35,644 - uvicorn.error - INFO - Application startup complete.
2026-06-02 00:02:39,681 - uvicorn.access - INFO - 127.0.0.1:49689 - "POST /add_vector HTTP/1.1" 422
2026-06-02 00:05:11,450 - uvicorn.error - WARNING - StatReload detected changes in 'SINU\semantic search\app\routes\api.py'. Reloading...
2026-06-02 00:05:11,508 - uvicorn.error - INFO - Shutting down
2026-06-02 00:05:11,619 - uvicorn.error - INFO - Waiting for application shutdown.
2026-06-02 00:05:11,619 - main - INFO - Shutting down server...
2026-06-02 00:05:11,619 - uvicorn.error - INFO - Application shutdown complete.
2026-06-02 00:05:11,620 - uvicorn.error - INFO - Finished server process [58900]
2026-06-02 00:05:18,740 - uvicorn.error - INFO - Started server process [58112]
2026-06-02 00:05:18,741 - uvicorn.error - INFO - Waiting for application startup.
2026-06-02 00:05:18,792 - httpx - INFO - HTTP Request: GET http://localhost:6333/collections "HTTP/1.1 200 OK"
2026-06-02 00:05:18,811 - httpx - INFO - HTTP Request: GET http://localhost:6333 "HTTP/1.1 200 OK"
2026-06-02 00:05:25,101 - httpx - INFO - HTTP Request: HEAD https://huggingface.co/sentence-transformers/all-MiniLM-L6-v2/resolve/main/modules.json "HTTP/1.1 307 Temporary Redirect"
2026-06-02 00:05:25,159 - httpx - INFO - HTTP Request: HEAD https://huggingface.co/api/resolve-cache/models/sentence-transformers/all-MiniLM-L6-v2/1110a243fdf4706b3f48f1d95db1a4f5529b4d41/modules.json "HTTP/1.1 200 OK"
2026-06-02 00:05:25,510 - httpx - INFO - HTTP Request: HEAD https://huggingface.co/sentence-transformers/all-MiniLM-L6-v2/resolve/main/config_sentence_transformers.json "HTTP/1.1 307 Temporary Redirect"
2026-06-02 00:05:25,581 - httpx - INFO - HTTP Request: HEAD https://huggingface.co/api/resolve-cache/models/sentence-transformers/all-MiniLM-L6-v2/1110a243fdf4706b3f48f1d95db1a4f5529b4d41/config_sentence_transformers.json "HTTP/1.1 200 OK"
2026-06-02 00:05:25,583 - sentence_transformers.base.model - INFO - Loading SentenceTransformer model from sentence-transformers/all-MiniLM-L6-v2.
2026-06-02 00:05:25,919 - httpx - INFO - HTTP Request: HEAD https://huggingface.co/sentence-transformers/all-MiniLM-L6-v2/resolve/main/config_sentence_transformers.json "HTTP/1.1 307 Temporary Redirect"
2026-06-02 00:05:25,978 - httpx - INFO - HTTP Request: HEAD https://huggingface.co/api/resolve-cache/models/sentence-transformers/all-MiniLM-L6-v2/1110a243fdf4706b3f48f1d95db1a4f5529b4d41/config_sentence_transformers.json "HTTP/1.1 200 OK"
2026-06-02 00:05:26,329 - httpx - INFO - HTTP Request: HEAD https://huggingface.co/sentence-transformers/all-MiniLM-L6-v2/resolve/main/README.md "HTTP/1.1 307 Temporary Redirect"
2026-06-02 00:05:26,411 - httpx - INFO - HTTP Request: HEAD https://huggingface.co/api/resolve-cache/models/sentence-transformers/all-MiniLM-L6-v2/1110a243fdf4706b3f48f1d95db1a4f5529b4d41/README.md "HTTP/1.1 200 OK"
2026-06-02 00:05:26,726 - httpx - INFO - HTTP Request: HEAD https://huggingface.co/sentence-transformers/all-MiniLM-L6-v2/resolve/main/modules.json "HTTP/1.1 307 Temporary Redirect"
2026-06-02 00:05:26,803 - httpx - INFO - HTTP Request: HEAD https://huggingface.co/api/resolve-cache/models/sentence-transformers/all-MiniLM-L6-v2/1110a243fdf4706b3f48f1d95db1a4f5529b4d41/modules.json "HTTP/1.1 200 OK"
2026-06-02 00:05:27,094 - httpx - INFO - HTTP Request: HEAD https://huggingface.co/sentence-transformers/all-MiniLM-L6-v2/resolve/main/sentence_bert_config.json "HTTP/1.1 307 Temporary Redirect"
2026-06-02 00:05:27,189 - httpx - INFO - HTTP Request: HEAD https://huggingface.co/api/resolve-cache/models/sentence-transformers/all-MiniLM-L6-v2/1110a243fdf4706b3f48f1d95db1a4f5529b4d41/sentence_bert_config.json "HTTP/1.1 200 OK"
2026-06-02 00:05:27,544 - uvicorn.error - WARNING - StatReload detected changes in 'SINU\semantic search\app\routes\api.py'. Reloading...
2026-06-02 00:05:27,565 - httpx - INFO - HTTP Request: HEAD https://huggingface.co/sentence-transformers/all-MiniLM-L6-v2/resolve/main/adapter_config.json "HTTP/1.1 404 Not Found"
2026-06-02 00:05:27,967 - httpx - INFO - HTTP Request: HEAD https://huggingface.co/sentence-transformers/all-MiniLM-L6-v2/resolve/main/config.json "HTTP/1.1 307 Temporary Redirect"
2026-06-02 00:05:28,040 - httpx - INFO - HTTP Request: HEAD https://huggingface.co/api/resolve-cache/models/sentence-transformers/all-MiniLM-L6-v2/1110a243fdf4706b3f48f1d95db1a4f5529b4d41/config.json "HTTP/1.1 200 OK"
2026-06-02 00:05:28,577 - httpx - INFO - HTTP Request: HEAD https://huggingface.co/sentence-transformers/all-MiniLM-L6-v2/resolve/main/processor_config.json "HTTP/1.1 404 Not Found"
2026-06-02 00:05:28,889 - httpx - INFO - HTTP Request: HEAD https://huggingface.co/sentence-transformers/all-MiniLM-L6-v2/resolve/main/preprocessor_config.json "HTTP/1.1 404 Not Found"
2026-06-02 00:05:29,299 - httpx - INFO - HTTP Request: HEAD https://huggingface.co/sentence-transformers/all-MiniLM-L6-v2/resolve/main/video_preprocessor_config.json "HTTP/1.1 404 Not Found"
2026-06-02 00:05:30,728 - httpx - INFO - HTTP Request: HEAD https://huggingface.co/sentence-transformers/all-MiniLM-L6-v2/resolve/main/preprocessor_config.json "HTTP/1.1 404 Not Found"
2026-06-02 00:05:33,719 - httpx - INFO - HTTP Request: HEAD https://huggingface.co/sentence-transformers/all-MiniLM-L6-v2/resolve/main/tokenizer_config.json "HTTP/1.1 307 Temporary Redirect"
2026-06-02 00:05:35,203 - httpx - INFO - HTTP Request: HEAD https://huggingface.co/api/resolve-cache/models/sentence-transformers/all-MiniLM-L6-v2/1110a243fdf4706b3f48f1d95db1a4f5529b4d41/tokenizer_config.json "HTTP/1.1 200 OK"
2026-06-02 00:05:36,528 - httpx - INFO - HTTP Request: HEAD https://huggingface.co/sentence-transformers/all-MiniLM-L6-v2/resolve/main/config.json "HTTP/1.1 307 Temporary Redirect"
2026-06-02 00:05:37,638 - httpx - INFO - HTTP Request: HEAD https://huggingface.co/api/resolve-cache/models/sentence-transformers/all-MiniLM-L6-v2/1110a243fdf4706b3f48f1d95db1a4f5529b4d41/config.json "HTTP/1.1 200 OK"
2026-06-02 00:05:38,105 - httpx - INFO - HTTP Request: HEAD https://huggingface.co/sentence-transformers/all-MiniLM-L6-v2/resolve/main/config.json "HTTP/1.1 307 Temporary Redirect"
2026-06-02 00:05:38,159 - httpx - INFO - HTTP Request: HEAD https://huggingface.co/api/resolve-cache/models/sentence-transformers/all-MiniLM-L6-v2/1110a243fdf4706b3f48f1d95db1a4f5529b4d41/config.json "HTTP/1.1 200 OK"
2026-06-02 00:05:38,514 - httpx - INFO - HTTP Request: HEAD https://huggingface.co/sentence-transformers/all-MiniLM-L6-v2/resolve/main/tokenizer_config.json "HTTP/1.1 307 Temporary Redirect"
2026-06-02 00:05:38,612 - httpx - INFO - HTTP Request: HEAD https://huggingface.co/api/resolve-cache/models/sentence-transformers/all-MiniLM-L6-v2/1110a243fdf4706b3f48f1d95db1a4f5529b4d41/tokenizer_config.json "HTTP/1.1 200 OK"
2026-06-02 00:05:38,890 - httpx - INFO - HTTP Request: GET https://huggingface.co/api/models/sentence-transformers/all-MiniLM-L6-v2/tree/main/additional_chat_templates?recursive=false&expand=false "HTTP/1.1 404 Not Found"
2026-06-02 00:05:39,174 - httpx - INFO - HTTP Request: GET https://huggingface.co/api/models/sentence-transformers/all-MiniLM-L6-v2/tree/main?recursive=true&expand=false "HTTP/1.1 200 OK"
2026-06-02 00:05:39,490 - httpx - INFO - HTTP Request: HEAD https://huggingface.co/sentence-transformers/all-MiniLM-L6-v2/resolve/main/1_Pooling/config.json "HTTP/1.1 307 Temporary Redirect"
2026-06-02 00:05:39,562 - httpx - INFO - HTTP Request: HEAD https://huggingface.co/api/resolve-cache/models/sentence-transformers/all-MiniLM-L6-v2/1110a243fdf4706b3f48f1d95db1a4f5529b4d41/1_Pooling%2Fconfig.json "HTTP/1.1 200 OK"
2026-06-02 00:05:39,856 - httpx - INFO - HTTP Request: GET https://huggingface.co/api/models/sentence-transformers/all-MiniLM-L6-v2 "HTTP/1.1 200 OK"
2026-06-02 00:05:39,870 - httpx - INFO - HTTP Request: GET http://localhost:6333/collections/RECOLAB "HTTP/1.1 200 OK"
2026-06-02 00:05:39,934 - main - INFO - Server is ready!
2026-06-02 00:05:39,934 - main - INFO - FastAPI server is ready!
2026-06-02 00:05:39,934 - main - INFO - Swagger UI  ->  http://localhost:8000/docs
2026-06-02 00:05:39,935 - main - INFO - Home Page   ->  http://localhost:8000
2026-06-02 00:05:39,935 - uvicorn.error - INFO - Application startup complete.
2026-06-02 00:05:39,936 - uvicorn.error - INFO - Shutting down
2026-06-02 00:05:40,050 - uvicorn.error - INFO - Waiting for application shutdown.
2026-06-02 00:05:40,075 - main - INFO - Shutting down server...
2026-06-02 00:05:40,116 - uvicorn.error - INFO - Application shutdown complete.
2026-06-02 00:05:40,134 - uvicorn.error - INFO - Finished server process [58112]
